 11    4.002634 1.421E-26 1.465E-06.09950.434 1739.48370.740.003420          0 1 0          0 1 0  2  2  0        3  1  3      764223837294713152     5.0    7.0
 11    4.020885 3.590E-30 1.729E-06.07640.371 3864.96610.650.001360          0 2 0          0 2 0  5  4  1        6  3  4      534253837294713152    33.0   39.0
 11    4.330046 6.083E-30 3.944E-07.04590.315 3526.62750.56-.006200          0 1 0          0 1 0  8  8  1        9  7  2      534243837294713152    51.0   57.0
 11    4.332647 2.030E-30 3.951E-07.04590.315 3526.62490.56-.006200          0 1 0          0 1 0  8  8  0        9  7  3      534243837294713152    17.0   19.0
 11    4.571447 4.846E-30 2.083E-06.09250.412 3495.93920.730.000520          0 2 0          0 2 0  3  3  1        4  2  2      534253807294713152     7.0    9.0
 11    4.657031 1.177E-28 5.497E-07.04290.221 3080.17870.440.016300          0 0 0          0 0 0 14  6  9       15  3 12      534446837260713049    87.0   93.0
 11    4.920787 1.845E-30 2.819E-06.08400.391 3868.87300.710.001560          0 2 0          0 2 0  6  3  3        5  4  2      534253837294713152    13.0   11.0
 11    5.914661 1.207E-29 1.143E-06.03780.208 3437.27720.390.014210          0 0 0          0 0 0 15  6 10       16  3 13      434443807260713049    31.0   33.0
 11    6.114566 7.734E-23 3.606E-06.09920.519  136.16390.77-.002690          0 0 0          0 0 0  3  1  3        2  2  0      766421807283662144     7.0    5.0
 11    6.570344 1.701E-30 4.409E-06.09950.456 3789.96940.74-.003420          1 0 0          1 0 0  3  1  3        2  2  0      534263807294713152     7.0    5.0
 11    6.975443 1.659E-27 3.370E-06.07310.371 2399.16550.68-.002590          0 1 0          0 1 0  5  5  1        6  4  2      734223837294713152    11.0   13.0
 11    7.761594 6.168E-27 4.638E-06.07140.371 2398.38150.66-.002310          0 1 0          0 1 0  5  5  0        6  4  3      634223837294713152    33.0   39.0
 11    8.253715 2.711E-28 2.476E-06.05400.221 2872.58050.54-.005150          0 0 0          0 0 0 14  4 10       15  3 13      534426807260713049    29.0   31.0
 11    8.364485 7.472E-31 8.957E-06.07260.352 4259.87640.650.000000          0 2 0          0 2 0  9  2  8        8  3  5      5333308387659336 0    19.0   17.0
 11    8.473859 5.244E-30 9.414E-06.09950.456 3887.11420.74-.003420          0 0 1          0 0 1  3  1  3        2  2  0      534263837294713152    21.0   15.0
 11    8.671072 5.991E-28 3.235E-06.04920.235 2739.42860.490.017860          0 0 0          0 0 0 13  6  8       14  3 11      534426807260713049    27.0   29.0
 11    8.769325 7.029E-29 4.010E-06.05340.333 3101.14220.60-.005640          0 1 0          0 1 0  7  7  1        8  6  2      534243807294713152    15.0   17.0
 11    8.787789 2.118E-28 4.036E-06.05330.333 3101.12380.59-.005610          0 1 0          0 1 0  7  7  0        8  6  3      634243837294713152    45.0   51.0
 11    8.944491 3.361E-30 1.485E-05.07330.352 4188.39430.67-.004000          0 2 0          0 2 0  6  5  2        7  4  3      534223837294713152    39.0   45.0
 11    9.795592 1.794E-27 7.053E-06.06250.352 2724.16700.64-.004460          0 1 0          0 1 0  6  6  1        7  5  2      534223807294713152    39.0   45.0
 11    9.921500 6.136E-28 7.328E-06.06200.352 2724.04140.63-.004350          0 1 0          0 1 0  6  6  0        7  5  3      634223837294713152    13.0   15.0
 11   10.714936 2.553E-24 6.177E-06.06830.295 1282.91910.68-.019000          0 0 0          0 0 0 10  2  9        9  3  6      765321837262663020    63.0   57.0
 11   10.773287 2.572E-30 8.967E-06.09460.412 4066.12260.73-.002760          0 0 1          0 0 1  5  1  5        4  2  2      534253837294713152    33.0   27.0
 11   10.791625 1.627E-30 2.590E-05.06780.352 4186.56940.62-.001890          0 2 0          0 2 0  6  5  1        7  4  4      534243837294713152    13.0   15.0
 11   10.792600 4.149E-30 9.288E-06.06010.250 4174.03860.580.001630          0 1 0          0 1 0 14  3 12       13  4  9      534243807294713152    87.0   81.0
 11   10.845933 9.074E-23 1.157E-05.10020.507  315.77950.73-.002760          0 0 0          0 0 0  5  1  5        4  2  2      765426807249663049    11.0    9.0
 11   10.897097 1.597E-30 1.042E-05.09460.412 3966.55930.73-.002760          1 0 0          1 0 0  5  1  5        4  2  2      534253837294713152    11.0    9.0
 11   11.045099 1.641E-28 3.312E-05.09660.412 3381.70420.740.003240          0 2 0          0 2 0  3  2  1        4  1  4      534223807294713152    21.0   27.0
 11   11.215355 5.437E-26 1.057E-05.09160.371 2042.75330.730.002210          0 1 0          0 1 0  5  2  3        6  1  6      764223837294713152    33.0   39.0
 11   11.309290 2.192E-29 7.745E-06.03330.195 3810.93660.340.012020          0 0 0          0 0 0 16  6 11       17  3 14      434443807260713049    99.0  105.0
 11   11.835140 1.012E-29 9.121E-06.03980.208 4006.07320.41-.017940          0 0 0          0 0 0 17  4 13       16  7 10      434443807260713049   105.0   99.0
 11   12.682019 8.259E-22 3.044E-05.09740.637  212.15640.54-.003240          0 0 0          0 0 0  4  1  4        3  2  1      765326807267662449    27.0   21.0
 11   12.811430 1.575E-29 3.014E-05.09660.434 3864.76380.74-.003240          1 0 0          1 0 0  4  1  4        3  2  1      534263837294713152    27.0   21.0
 11   13.013486 2.874E-25 8.269E-06.06980.378 1525.13600.63-.000830          0 0 0          0 0 0 10  3  7       11  2 10      664426807260783049    21.0   23.0
 11   13.098438 5.151E-30 6.182E-05.06510.352 4368.63690.590.001410          0 2 0          0 2 0  8  4  5        7  5  2      534243837294713152    51.0   45.0
 11   13.439784 1.092E-28 7.620E-05.08580.391 3722.73100.71-.003250          0 2 0          0 2 0  6  2  5        5  3  2      534233807294713152    39.0   33.0
 11   13.459058 4.415E-29 4.159E-05.09460.391 3482.48010.730.002760          0 2 0          0 2 0  4  2  2        5  1  5      534253807294713152     9.0   11.0
 11   14.199464 4.100E-27 4.359E-05.05850.352 2905.43350.570.003590          0 1 0          0 1 0  8  5  4        7  6  1      634223837294713152    51.0   45.0
 11   14.343694 4.056E-30 4.216E-05.09660.434 3962.91790.74-.003240          0 0 1          0 0 1  4  1  4        3  2  1      534263837294713152     9.0    7.0
 11   14.515668 4.256E-31 5.000E-05.05740.315 4564.36660.630.000000          0 2 0          0 2 0  7  6  2        8  5  3      5333308387659336 0    15.0   17.0
 11   14.588314 4.811E-24 2.114E-05.06200.271 1045.05830.630.004350          0 0 0          0 0 0  7  5  3        6  6  0      764426807260783049    15.0   13.0
 11   14.634263 1.926E-28 3.980E-05.04980.333 3306.29550.530.004340          0 1 0          0 1 0  9  6  4        8  7  1      534243807294713152    19.0   17.0
 11   14.648494 7.126E-23 2.773E-05.07140.329  742.07630.660.002310          0 0 0          0 0 0  6  4  3        5  5  0      764526807260233049    39.0   33.0
 11   14.701401 1.465E-27 4.843E-05.06000.352 2905.43060.590.004390          0 1 0          0 1 0  8  5  3        7  6  2      534223807294713152    17.0   15.0
 11   14.718144 5.844E-28 4.049E-05.05020.333 3306.29520.530.004490          0 1 0          0 1 0  9  6  3        8  7  2      534223807294713152    57.0   51.0
 11   14.777502 1.481E-23 2.198E-05.06250.275 1045.05800.640.004460          0 0 0          0 0 0  7  5  2        6  6  1      764426807260783049    45.0   39.0
 11   14.943038 1.298E-30 5.230E-05.05850.333 4564.03480.57-.003590          0 2 0          0 2 0  7  6  1        8  5  4      534233837294713152    45.0   51.0
 11   14.943708 8.630E-22 5.381E-05.08890.412  285.41860.71-.002270          0 0 0          0 0 0  4  2  3        3  3  0      764426837260783049    27.0   21.0
 11   15.449706 1.322E-25 6.797E-05.09250.434 1907.45140.73-.000520          0 1 0          0 1 0  4  2  2        3  3  1      764223837294713152     9.0    7.0
 11   15.488908 1.745E-30 3.706E-05.08010.412 4134.79840.69-.000060          1 0 0          1 0 0  5  3  3        4  4  0      534253837294713152    11.0    9.0
 11   15.707163 2.733E-23 3.430E-05.07310.356  742.07300.680.002590          0 0 0          0 0 0  6  4  2        5  5  1      764426807260783049    13.0   11.0
 11   15.833924 1.090E-22 4.745E-05.08010.395  488.13420.69-.000060          0 0 0          0 0 0  5  3  3        4  4  0      764426807260783049    11.0    9.0
 11   15.970344 1.906E-29 6.456E-05.08890.434 3935.34460.71-.002270          1 0 0          1 0 0  4  2  3        3  3  0      534263807294713152    27.0   21.0
 11   16.294310 2.211E-23 1.353E-05.08740.426  586.47920.710.000930          0 0 0          0 0 0  6  2  4        7  1  7      764426807260783049    13.0   15.0
 11   16.628255 1.126E-26 8.639E-05.06780.371 2552.87970.620.001890          0 1 0          0 1 0  7  4  4        6  5  1      664223837294713152    15.0   13.0
 11   16.797236 3.170E-24 2.596E-05.05330.233 1394.81420.590.005610          0 0 0          0 0 0  8  6  3        7  7  0      764426807260783049    51.0   45.0
 11   16.827731 1.060E-24 2.609E-05.05340.234 1394.81420.600.005640          0 0 0          0 0 0  8  6  2        7  7  1      764426837260783049    17.0   15.0
 11   17.140163 4.666E-31 1.497E-05.07410.362 4232.38430.610.000000          1 0 0          1 0 0  6  2  4        7  1  7      5333308387659336 0    13.0   15.0
 11   17.219581 1.344E-28 1.212E-04.09950.434 3299.99100.740.003420          0 2 0          0 2 0  2  2  0        3  1  3      534263807294713152     5.0    7.0
 11   17.488532 1.874E-28 2.944E-03.10710.480 3779.49310.770.006550          0 0 1          0 0 1  1  1  0        1  0  1      534223807294713152     3.0    3.0
 11   17.561720 1.752E-29 1.746E-04.07440.371 4016.05280.64-.003720          0 2 0          0 2 0  7  3  5        6  4  2      534253837294713152    15.0   13.0
 11   17.690333 2.274E-26 2.924E-05.06010.320 2533.79320.580.001630          0 0 0          0 0 0 14  3 12       13  4  9      564426837260783049    87.0   81.0
 11   17.716484 5.942E-31 3.369E-05.03740.213 4507.52260.430.000000          0 1 0          0 1 0 14  4 10       15  3 13      4333308387659336 0    29.0   31.0
 11   17.767107 2.018E-30 9.962E-05.07630.352 4368.54600.690.004960          0 2 0          0 2 0  8  4  4        7  5  3      534243807294713152    17.0   15.0
 11   17.820707 1.258E-30 3.490E-05.03430.195 4409.34430.35-.015460          0 0 0          0 0 0 18  4 14       17  7 11      434443837260713049    37.0   35.0
 11   18.037613 9.485E-28 3.169E-03.10710.480 3680.45370.770.006550          1 0 0          1 0 0  1  1  0        1  0  1      534223837294713152     9.0    9.0
 11   18.235633 2.014E-25 1.625E-04.08700.412 2005.91690.70-.003130          0 1 0          0 1 0  5  2  4        4  3  1      564223807294713152    11.0    9.0
 11   18.295137 9.682E-29 6.654E-05.04260.315 3752.41620.480.004660          0 1 0          0 1 0 10  7  4        9  8  1      534243807294713152    63.0   57.0
 11   18.308292 3.232E-29 6.669E-05.04270.315 3752.41620.480.004690          0 1 0          0 1 0 10  7  3        9  8  2      534243837294713152    21.0   19.0
 11   18.481286 9.559E-28 2.389E-04.09910.456 3316.14530.74-.002370          0 2 0          0 2 0  3  1  2        2  2  1      534223837294713152    21.0   15.0
 11   18.574181 2.226E-28 1.253E-04.08890.412 3482.06450.710.002270          0 2 0          0 2 0  3  3  0        4  2  3      534263837294713152    21.0   27.0
 11   18.577385 5.236E-20 3.443E-03.11030.480   23.79440.770.006550          0 0 0          0 0 0  1  1  0        1  0  1      766426807240783049     9.0    9.0
 11   18.811116 1.293E-30 6.775E-05.07970.352 4368.54610.69-.013380          1 0 0          0 2 0  8  0  8        7  5  3      534243837294713152    17.0   15.0
 11   18.896436 3.952E-29 1.495E-04.08360.352 4052.83690.71-.003600          0 2 0          0 2 0  8  2  7        7  3  4      534243837294713152    51.0   45.0
 11   18.920476 3.930E-30 3.430E-05.08330.412 4135.01760.710.000510          1 0 0          1 0 0  5  3  2        4  4  1      534263837294713152    33.0   27.0
 11   19.076984 3.066E-26 2.774E-05.05650.299 2414.72340.560.018150          0 0 0          0 0 0 12  6  7       13  3 10      564426807260783049    75.0   81.0
 11   19.281908 4.546E-26 1.357E-04.07330.371 2552.85720.670.004000          0 1 0          0 1 0  7  4  3        6  5  2      664223837294713152    45.0   39.0
 11   19.453841 4.584E-30 6.374E-05.08010.412 4224.85090.69-.000060          0 0 1          0 0 1  5  3  3        4  4  0      534253837294713152    33.0   27.0
 11   19.728282 9.468E-31 9.667E-04.08040.428 4717.47420.740.000000          0 3 0          0 3 0  2  0  2        1  1  1      4333308387659336 0     5.0    3.0
 11   19.736776 5.587E-28 2.550E-05.05410.221 3244.60060.540.019030          0 0 0          0 0 0 14  7  8       15  4 11      534426837260713049    87.0   93.0
 11   19.746229 6.296E-30 1.266E-04.08890.434 4030.30610.71-.002270          0 0 1          0 0 1  4  2  3        3  3  0      534263837294713152     9.0    7.0
 11   19.788016 3.286E-30 3.910E-05.02920.183 4201.25140.290.009980          0 0 0          0 0 0 17  6 12       18  3 15      434443837260713049    35.0   37.0
 11   19.803981 6.538E-27 8.430E-05.08150.333 2670.78970.71-.003200          0 1 0          0 1 0  9  2  8        8  3  5      634223837294713152    19.0   17.0
 11   19.849725 2.239E-25 1.840E-04.07640.391 2251.86240.65-.001360          0 1 0          0 1 0  6  3  4        5  4  1      564223807294713152    39.0   33.0
 11   20.037886 9.234E-31 7.213E-05.06310.362 4381.90400.640.000000          1 0 0          1 0 0  6  4  2        5  5  1      5333308387659336 0    13.0   11.0
 11   20.374039 4.175E-29 2.433E-04.08500.371 3873.79370.71-.003790          0 2 0          0 2 0  7  2  6        6  3  3      534253837294713152    15.0   13.0
 11   20.704356 5.670E-22 1.088E-04.08760.404  488.10770.710.000510          0 0 0          0 0 0  5  3  2        4  4  1      764826837240973049    33.0   27.0
 11   21.540439 2.351E-25 4.555E-05.04590.214 1789.04280.560.006200          0 0 0          0 0 0  9  7  3        8  8  0      564426807260783049    19.0   17.0
 11   21.545095 7.056E-25 4.558E-05.04590.214 1789.04280.560.006200          0 0 0          0 0 0  9  7  2        8  8  1      664426807260783049    57.0   51.0
 11   21.948730 3.011E-23 5.485E-03.10710.468 1618.55710.770.006550          0 1 0          0 1 0  1  1  0        1  0  1      564823837294603152     9.0    9.0
 11   23.335736 1.436E-30 7.251E-05.08330.412 4224.81680.710.000510          0 0 1          0 0 1  5  3  2        4  4  1      534263837294713152    11.0    9.0
 11   24.031668 1.013E-28 1.873E-04.08330.391 3722.73100.71-.000510          0 2 0          0 2 0  4  4  1        5  3  2      534253837294713152    27.0   33.0
 11   24.172307 1.147E-27 6.320E-03.10550.456 3825.21300.760.004830          0 0 1          0 0 1  2  1  1        2  0  2      534223807294713152    15.0   15.0
 11   24.522505 6.332E-28 6.559E-03.10550.456 3725.94200.760.004830          1 0 0          1 0 0  2  1  1        2  0  2      534223807294713152     5.0    5.0
 11   25.032252 5.304E-30 1.492E-04.03690.298 4240.94210.450.004850          0 1 0          0 1 0 11  8  4       10  9  1      534243837294713152    23.0   21.0
 11   25.034186 1.591E-29 1.492E-04.03700.298 4240.94210.450.004850          0 1 0          0 1 0 11  8  3       10  9  2      534243837294713152    69.0   63.0
 11   25.063305 1.811E-28 1.591E-04.09160.371 3601.85890.730.002210          0 2 0          0 2 0  5  2  3        6  1  6      534253837294713152    33.0   39.0
 11   25.085125 3.452E-20 7.018E-03.10720.458   70.09080.760.004830          0 0 0          0 0 0  2  1  1        2  0  2      766426807240783049     5.0    5.0
 11   25.577486 1.646E-25 7.259E-05.05430.295 1960.20740.530.015020          0 0 0          0 0 0 11  5  7       12  2 10      564426837260783049    23.0   25.0
 11   25.846417 5.970E-28 8.866E-05.06980.281 3136.41250.63-.000830          0 1 0          0 1 0 10  3  7       11  2 10      534223837294713152    21.0   23.0
 11   25.867758 2.875E-27 2.399E-03.10460.480 3196.09340.75-.002340          0 2 0          0 2 0  2  0  2        1  1  1      534223807294713152     5.0    3.0
 11   26.124829 1.763E-30 6.073E-05.08510.391 4381.90400.73-.007140          0 0 1          1 0 0  6  3  3        5  5  0      534243837294713152    39.0   33.0
 11   26.286366 4.476E-30 1.667E-04.08290.352 4426.06640.68-.007390          0 0 1          1 0 0  7  2  6        7  2  5      534243837294713152    45.0   45.0
 11   26.472191 2.152E-26 9.247E-03.10710.432 3175.44120.770.006550          0 2 0          0 2 0  1  1  0        1  0  1      564223807294783152     9.0    9.0
 11   27.283074 4.338E-29 2.710E-04.08010.391 3719.49280.690.000060          0 2 0          0 2 0  4  4  0        5  3  3      534243807294713152     9.0   11.0
 11   27.359731 1.443E-29 1.226E-04.09040.391 4049.53610.71-.005940          0 0 1          1 0 0  5  1  5        5  1  4      534243837294713152    33.0   33.0
 11   27.474690 1.281E-29 1.589E-04.08810.412 4126.46340.72-.007850          1 0 0          0 0 1  5  3  2        4  3  1      534243837294713152    33.0   27.0
 11   27.570737 2.664E-29 1.245E-04.04730.195 4174.28700.490.006600          0 0 0          0 0 0 18  4 15       17  5 12      434443807260713049   111.0  105.0
 11   27.775835 4.736E-31 1.593E-04.07260.352 4689.32860.650.000000          1 0 0          1 0 0  9  2  8        8  3  5      4333308387659336 0    19.0   17.0
 11   28.054432 1.829E-24 8.764E-05.06110.306 1690.66440.580.014950          0 0 0          0 0 0 10  5  6       11  2  9      664426807260783049    63.0   69.0
 11   28.488035 1.626E-25 9.936E-05.04790.289 2246.88480.480.013900          0 0 0          0 0 0 12  5  8       13  2 11      564426807260783049    75.0   81.0
 11   28.685366 1.903E-23 1.038E-02.10550.476 1664.96460.760.004830          0 1 0          0 1 0  2  1  1        2  0  2      564226837294783152     5.0    5.0
 11   28.814573 1.406E-25 9.330E-05.03980.189 2225.46910.530.006320          0 0 0          0 0 0 10  8  3        9  9  0      564426807260783049    63.0   57.0
 11   28.815267 4.688E-26 9.332E-05.03980.189 2225.46910.530.006320          0 0 0          0 0 0 10  8  2        9  9  1      564426807260783049    21.0   19.0
 11   29.056133 8.688E-28 8.763E-04.09060.412 3597.86600.72-.000490          0 2 0          0 2 0  5  2  3        4  3  2      534223807294713152    33.0   27.0
 11   29.797456 4.836E-30 4.880E-05.09740.412 4066.12260.75-.007260          1 0 0          0 0 1  5  2  3        4  2  2      534243837294713152    33.0   27.0
 11   29.997487 8.237E-24 4.075E-03.10460.480 1634.96710.75-.002340          0 1 0          0 1 0  2  0  2        1  1  1      564223837294713152     5.0    3.0
 11   30.100758 4.188E-26 1.137E-04.08740.352 2181.08990.710.000930          0 1 0          0 1 0  6  2  4        7  1  7      664223837294713152    13.0   15.0
 11   30.107810 5.782E-24 1.152E-03.09910.456 1742.30560.74-.002370          0 1 0          0 1 0  3  1  2        2  2  1      564223837294713152    21.0   15.0
 11   30.227776 2.875E-23 2.199E-04.08150.379 1050.15770.71-.003200          0 0 0          0 0 0  9  2  8        8  3  5      664426837260783049    19.0   17.0
 11   30.421663 3.093E-30 1.323E-04.02540.172 4608.22360.240.007920          0 0 0          0 0 0 18  6 13       19  3 16      434243837260713049   111.0  117.0
 11   30.456194 2.235E-29 3.227E-04.08680.412 4135.01760.71-.013150          0 0 1          1 0 0  5  2  4        4  4  1      534243837294713152    33.0   27.0
 11   30.560190 1.425E-21 5.652E-04.09600.458  285.21930.73-.000520          0 0 0          0 0 0  4  2  2        3  3  1      764826807240973049     9.0    7.0
 11   30.791745 1.176E-24 8.530E-04.08580.391 2130.49420.71-.003250          0 1 0          0 1 0  6  2  5        5  3  2      564223807294713152    39.0   33.0
 11   30.894300 1.868E-25 7.352E-04.08400.391 2251.69530.710.001560          0 1 0          0 1 0  6  3  3        5  4  2      764223837294713152    13.0   11.0
 11   31.331768 1.517E-30 2.572E-04.07960.333 4725.06220.690.007210          1 0 0          0 0 1  8  4  5        8  2  6      534243837294713152    51.0   51.0
 11   31.348112 2.844E-29 5.881E-04.09250.434 3935.21120.73-.000520          1 0 0          1 0 0  4  2  2        3  3  1      534263837294713152     9.0    7.0
 11   31.390394 5.213E-30 1.203E-04.07040.412 4224.85090.62-.005720          1 0 0          0 0 1  5  4  1        4  4  0      534243837294713152    33.0   27.0
 11   32.043869 1.274E-29 7.838E-05.05100.195 4174.28750.510.017600          0 0 0          0 0 0 16  8  9       17  5 12      434243837260713049    99.0  105.0
 11   32.290570 1.948E-25 5.721E-04.08360.352 2462.87530.71-.003600          0 1 0          0 1 0  8  2  7        7  3  4      764223837294713152    51.0   45.0
 11   32.366226 1.603E-21 8.936E-04.08700.439  383.84250.70-.003130          0 0 0          0 0 0  5  2  4        4  3  1      764826807260973049    11.0    9.0
 11   32.648396 4.787E-28 5.743E-03.10460.480 3693.29360.75-.002340          1 0 0          1 0 0  2  0  2        1  1  1      534223807294713152     5.0    3.0
 11   32.953690 2.511E-20 5.821E-03.10060.485   37.13710.75-.002340          0 0 0          0 0 0  2  0  2        1  1  1      766426837270783049     5.0    3.0
 11   32.965146 1.982E-29 1.701E-02.10710.480 4690.57980.770.006550          0 3 0          0 3 0  1  1  0        1  0  1      434223837294713152     9.0    9.0
 11   32.969956 3.567E-30 2.604E-04.06920.412 4224.81680.61-.005660          1 0 0          0 0 1  5  4  2        4  4  1      534243837294713152    11.0    9.0
 11   33.278215 3.202E-29 9.241E-04.08700.412 4031.85360.70-.003130          1 0 0          1 0 0  5  2  4        4  3  1      534263837294713152    11.0    9.0
 11   33.384882 1.297E-26 1.612E-02.10550.476 3221.96110.760.004830          0 2 0          0 2 0  2  1  1        2  0  2      564223807294783152     5.0    5.0
 11   33.388019 2.150E-27 1.364E-04.04600.208 3211.21270.48-.006540          0 0 0          0 0 0 15  4 11       16  3 14      534426807260713049    93.0   99.0
 11   33.512176 9.729E-28 6.456E-03.10460.480 3791.70090.75-.002340          0 0 1          0 0 1  2  0  2        1  1  1      534223837294713152    15.0    9.0
 11   33.917132 9.856E-30 1.568E-04.07930.391 4165.47380.64-.012210          1 0 0          0 0 1  6  2  5        5  2  4      534243837294713152    39.0   33.0
 11   34.451014 1.408E-29 3.907E-04.07310.371 4016.05280.68-.002590          0 2 0          0 2 0  5  5  1        6  4  2      534243837294713152    11.0   13.0
 11   34.997477 4.302E-29 4.036E-04.07140.371 4015.51510.66-.002310          0 2 0          0 2 0  5  5  0        6  4  3      534253837294713152    33.0   39.0
 11   35.452578 3.469E-31 1.092E-03.09630.460 4820.76260.770.000000          0 3 0          0 3 0  2  2  0        3  1  3      4333308387659336 0     5.0    7.0
 11   35.647246 1.929E-26 1.826E-04.04200.261 2550.88250.420.012100          0 0 0          0 0 0 13  5  9       14  2 12      564426837260783049    27.0   29.0
 11   35.772311 1.684E-27 1.680E-02.10450.504 3755.92850.750.006430          0 0 1          0 0 1  1  1  1        0  0  0      534223807294713152     9.0    3.0
 11   35.950306 2.428E-25 1.133E-03.08500.371 2282.58950.71-.003790          0 1 0          0 1 0  7  2  6        6  3  3      564223807294713152    15.0   13.0
 11   36.020583 3.029E-27 1.550E-02.10090.434 3791.37210.750.002360          1 0 0          1 0 0  3  1  2        3  0  3      534223837294713152    21.0   21.0
 11   36.032886 6.174E-28 1.538E-02.10090.434 3890.82930.750.002360          0 0 1          0 0 1  3  1  2        3  0  3      534223807294713152     7.0    7.0
 11   36.040232 4.978E-30 1.281E-03.08310.352 4527.94940.690.000410          1 0 0          0 0 1  7  4  4        7  2  5      534243837294713152    15.0   15.0
 11   36.052772 7.810E-29 9.927E-04.09250.434 4030.06980.73-.000520          0 0 1          0 0 1  4  2  2        3  3  1      534263807294713152    27.0   21.0
 11   36.055662 6.406E-28 1.902E-02.09950.434 3926.86220.750.003260          0 0 1          0 0 1  3  2  1        3  1  2      534223807294713152     7.0    7.0
 11   36.130732 6.916E-30 1.681E-03.06220.333 4564.36650.56-.001600          0 2 0          0 2 0  9  4  6        8  5  3      434243807294713152    19.0   17.0
 11   36.192178 1.235E-28 1.802E-03.07560.352 4188.39430.67-.006660          0 2 0          0 2 0  8  3  6        7  4  3      534243807294713152    51.0   45.0
 11   36.240496 9.136E-28 1.715E-02.10450.504 3657.05310.750.006430          1 0 0          1 0 0  1  1  1        0  0  0      534223807294713152     3.0    1.0
 11   36.310412 9.578E-29 4.952E-04.06630.265 3843.41040.62-.004420          0 1 0          0 1 0 13  3 11       12  4  8      534243837294713152    27.0   25.0
 11   36.604151 1.631E-19 1.637E-02.10460.516  136.76170.750.002360          0 0 0          0 0 0  3  1  2        3  0  3      766426837270783049    21.0   21.0
 11   36.668643 3.360E-29 9.042E-04.07640.391 4256.24130.65-.001360          1 0 0          1 0 0  6  3  4        5  4  1      534263837294713152    39.0   33.0
 11   36.729755 1.020E-25 1.346E-04.06420.322 2105.86790.620.016220          0 0 0          0 0 0 11  6  6       12  3  9      564426837260783049    23.0   25.0
 11   37.012200 2.509E-24 1.573E-04.06830.332 1437.96860.640.013140          0 0 0          0 0 0  9  5  5       10  2  8      664426837260783049    19.0   21.0
 11   37.137126 4.997E-20 1.835E-02.10450.500    0.00000.750.006430          0 0 0          0 0 0  1  1  1        0  0  0      766626807260583049     3.0    1.0
 11   37.269184 3.016E-30 7.998E-04.06780.371 4526.72040.620.001890          1 0 0          1 0 0  7  4  4        6  5  1      534233837294713152    15.0   13.0
 11   37.321868 2.502E-28 1.846E-03.08410.371 4015.51510.710.001660          0 2 0          0 2 0  7  3  4        6  4  3      534253837294713152    45.0   39.0
 11   37.371081 3.234E-27 2.052E-02.09950.434 3827.39270.750.003260          1 0 0          1 0 0  3  2  1        3  1  2      534223837294713152    21.0   21.0
 11   37.728866 1.537E-27 1.535E-02.10120.456 3849.38530.750.002460          0 0 1          0 0 1  2  2  0        2  1  1      534223807294713152    15.0   15.0
 11   38.077529 2.275E-27 1.138E-03.04800.315 3526.62750.490.004790          0 1 0          0 1 0 10  6  5        9  7  2      534223807294713152    63.0   57.0
 11   38.247173 1.134E-22 1.067E-04.08890.455  744.16270.69-.000650          0 0 0          0 0 0  7  2  5        8  1  8      764726837288643049    45.0   51.0
 11   38.318582 1.849E-27 2.484E-02.09810.412 4027.80400.750.003640          0 0 1          0 0 1  4  2  2        4  1  3      534223807294713152    27.0   27.0
 11   38.333588 6.417E-27 1.356E-03.05660.333 3101.14230.550.003990          0 1 0          0 1 0  9  5  5        8  6  2      534223807294713152    19.0   17.0
 11   38.378627 7.703E-28 1.166E-03.04880.315 3526.62490.500.005380          0 1 0          0 1 0 10  6  4        9  7  3      534223837294713152    21.0   19.0
 11   38.409384 7.987E-30 3.904E-04.06250.352 4368.63690.64-.004460          0 2 0          0 2 0  6  6  1        7  5  2      534243807294713152    39.0   45.0
 11   38.464170 2.526E-20 2.652E-03.09240.524  134.90160.74-.002370          0 0 0          0 0 0  3  1  2        2  2  1      765426807270783049    21.0   15.0
 11   38.472302 1.721E-24 1.593E-04.06290.311 1774.75110.59-.004300          0 0 0          0 0 0 11  3  8       12  2 11      664426807260783049    69.0   75.0
 11   38.532310 7.756E-27 1.955E-04.03500.298 2701.88850.500.006290          0 0 0          0 0 0 11  9  3       10 10  0      534426837260713049    23.0   21.0
 11   38.532414 2.327E-26 1.955E-04.03500.162 2701.88850.500.006300          0 0 0          0 0 0 11  9  2       10 10  1      564426837260783049    69.0   63.0
 11   38.611538 2.736E-30 4.033E-04.06200.352 4368.54610.63-.004350          0 2 0          0 2 0  6  6  0        7  5  3      534243837294713152    13.0   15.0
 11   38.637525 2.436E-21 1.395E-03.07640.412  610.34120.65-.001360          0 0 0          0 0 0  6  3  4        5  4  1      764426807260783049    39.0   33.0
 11   38.698323 5.027E-28 2.745E-03.09910.456 3788.69440.74-.002370          1 0 0          1 0 0  3  1  2        2  2  1      534223807294713152    21.0   15.0
 11   38.756473 9.780E-28 2.454E-02.09810.412 3927.80280.750.003640          1 0 0          1 0 0  4  2  2        4  1  3      534223807294713152     9.0    9.0
 11   38.776695 1.337E-30 1.156E-04.08300.391 4257.78670.68-.016490          0 0 1          1 0 0  6  2  5        5  4  2      534243837294713152    13.0   11.0
 11   38.790556 1.778E-19 2.271E-02.09960.495  173.36580.750.003260          0 0 0          0 0 0  3  2  1        3  1  2      767426807270783049    21.0   21.0
 11   38.972243 1.109E-22 9.323E-04.05800.282 1216.19450.570.003590          0 0 0          0 0 0  8  5  4        7  6  1      763626837288643049    51.0   45.0
 11   39.003562 2.276E-30 1.072E-04.08250.333 4387.06290.69-.000650          1 0 0          1 0 0  7  2  5        8  1  8      534243837294713152    45.0   51.0
 11   39.010408 4.741E-29 8.583E-04.08700.412 4126.46340.70-.003130          0 0 1          0 0 1  5  2  4        4  3  1      534263837294713152    33.0   27.0
 11   39.111252 1.996E-22 1.165E-03.07010.304  888.63270.620.001890          0 0 0          0 0 0  7  4  4        6  5  1      764626807288643049    15.0   13.0
 11   39.253725 1.712E-30 5.673E-04.08360.352 4586.68320.71-.003600          0 0 1          0 0 1  8  2  7        7  3  4      534243837294713152    17.0   15.0
 11   39.504902 8.692E-28 1.693E-02.10120.456 3750.46450.750.002460          1 0 0          1 0 0  2  2  0        2  1  1      534223837294713152     5.0    5.0
 11   39.550729 7.639E-30 5.102E-05.10310.456 3825.21310.750.010170          1 0 0          0 0 1  3  2  1        2  0  2      534243837294713152    21.0   15.0
 11   39.677060 3.593E-31 2.108E-02.09630.460 5466.63410.770.000000          0 1 1          0 1 1  3  1  2        3  0  3      5333308387659336 0     7.0    7.0
 11   39.721779 3.839E-23 9.885E-04.06240.295 1216.18980.590.004390          0 0 0          0 0 0  8  5  3        7  6  2      765526837288643049    17.0   15.0
 11   39.756571 4.131E-30 3.906E-05.09580.434 3895.58810.730.003690          1 0 0          0 0 1  3  3  0        3  1  3      534243837294713152    21.0   21.0
 11   39.922225 2.088E-26 1.537E-03.06020.333 3101.12380.580.006640          0 1 0          0 1 0  9  5  4        8  6  3      664223837294713152    57.0   51.0
 11   39.997455 1.134E-29 2.711E-02.10550.456 4737.20250.760.004830          0 3 0          0 3 0  2  1  1        2  0  2      434223807294713152     5.0    5.0
 11   40.220795 2.417E-23 2.251E-02.10450.450 1594.74630.750.006430          0 1 0          0 1 0  1  1  1        0  0  0      564223837294783152     3.0    1.0
 11   40.282491 5.545E-20 2.829E-02.09250.497  275.49700.750.003640          0 0 0          0 0 0  4  2  2        4  1  3      766426807270783049     9.0    9.0
 11   40.400653 6.558E-31 1.871E-04.07290.355 4523.58900.630.000000          1 0 0          1 0 0  7  4  4        8  1  7      5333308387659336 0    15.0   17.0
 11   40.516765 8.687E-23 2.270E-02.10090.454 1731.89670.750.002360          0 1 0          0 1 0  3  1  2        3  0  3      564223837294783152    21.0   21.0
 11   40.530323 1.417E-25 1.897E-03.06510.352 2724.16710.590.001410          0 1 0          0 1 0  8  4  5        7  5  2      664223837294713152    51.0   45.0
 11   40.554772 5.993E-24 8.721E-04.04980.250 1590.69070.530.004340          0 0 0          0 0 0  9  6  4        8  7  1      664426807260783049    19.0   17.0
 11   40.692961 1.810E-23 8.812E-04.05020.253 1590.69010.530.004490          0 0 0          0 0 0  9  6  3        8  7  2      664426807260783049    57.0   51.0
 11   40.789012 2.345E-25 2.214E-03.07440.371 2399.16550.64-.003720          0 1 0          0 1 0  7  3  5        6  4  2      664223837294713152    15.0   13.0
 11   40.842914 8.412E-29 1.228E-03.04080.298 3997.50860.440.004720          0 1 0          0 1 0 11  7  5       10  8  2      534243837294713152    23.0   21.0
 11   40.895132 2.530E-28 1.232E-03.04100.298 3997.50830.440.004820          0 1 0          0 1 0 11  7  4       10  8  3      534243837294713152    69.0   63.0
 11   40.971942 1.187E-29 8.382E-04.08360.352 4484.99220.71-.003600          1 0 0          1 0 0  8  2  7        7  3  4      534243837294713152    51.0   45.0
 11   40.987980 4.792E-20 1.867E-02.10400.481   95.17590.750.002460          0 0 0          0 0 0  2  2  0        2  1  1      767426807240783049     5.0    5.0
 11   41.124497 1.244E-28 3.491E-03.09910.456 3885.73770.74-.002370          0 0 1          0 0 1  3  1  2        2  2  1      534223807294713152     7.0    5.0
 11   41.675655 9.489E-30 1.360E-03.07640.391 4345.55910.65-.001360          0 0 1          0 0 1  6  3  4        5  4  1      534263837294713152    13.0   11.0
 11   42.050377 1.442E-30 4.102E-05.09510.434 3935.21120.73-.014900          0 0 1          1 0 0  4  1  4        3  3  1      534243837294713152     9.0    7.0
 11   42.411769 2.586E-25 5.527E-04.06630.388 2205.65270.62-.004420          0 0 0          0 0 0 13  3 11       12  4  8      564426837260783049    27.0   25.0
 11   42.638362 7.145E-22 1.528E-03.09050.385  888.59870.670.004000          0 0 0          0 0 0  7  4  3        6  5  2      764826837240973049    45.0   39.0
 11   43.243618 6.927E-22 1.060E-03.09700.406  842.35660.71-.003600          0 0 0          0 0 0  8  2  7        7  3  4      764426807240783049    51.0   45.0
 11   43.628959 5.236E-23 2.558E-04.06900.331 1079.07960.630.009720          0 0 0          0 0 0  8  4  5        9  1  8      764426807260783049    51.0   57.0
 11   43.765006 1.349E-28 6.973E-03.08650.371 4350.69930.71-.004140          1 0 0          0 0 1  6  4  3        6  2  4      534243837294713152    39.0   39.0
 11   44.099332 5.690E-21 2.301E-03.08750.411  508.81210.71-.003250          0 0 0          0 0 0  6  2  5        5  3  2      764426837240783049    39.0   33.0
 11   44.323961 1.422E-29 8.536E-04.08500.371 4408.02880.71-.003790          0 0 1          0 0 1  7  2  6        6  3  3      534253837294713152    45.0   39.0
 11   44.463414 1.453E-26 2.924E-02.10450.450 3151.62990.750.006430          0 2 0          0 2 0  1  1  1        0  0  0      564223807294783152     3.0    1.0
 11   44.540121 2.640E-24 9.850E-04.04260.227 2009.80510.480.004660          0 0 0          0 0 0 10  7  4        9  8  1      564426837260783049    63.0   57.0
 11   44.563655 8.808E-25 9.865E-04.04270.227 2009.80500.480.004690          0 0 0          0 0 0 10  7  3        9  8  2      564426837260783049    21.0   19.0
 11   44.853569 3.805E-23 2.511E-04.07470.358  882.89030.660.008440          0 0 0          0 0 0  7  4  4        8  1  7      764426807260783049    15.0   17.0
 11   45.020034 1.330E-29 1.500E-03.08500.371 4308.21130.71-.003790          1 0 0          1 0 0  7  2  6        6  3  3      534253837294713152    15.0   13.0
 11   45.049023 1.958E-30 3.336E-02.09950.434 5409.54700.750.003260          1 1 0          1 1 0  3  2  1        3  1  2      434243807294713152    21.0   21.0
 11   45.160373 6.544E-29 5.385E-04.08740.352 3739.51880.710.000930          0 2 0          0 2 0  6  2  4        7  1  7      534243837294713152    13.0   15.0
 11   45.384042 5.673E-26 3.256E-02.10090.454 3289.24250.750.002360          0 2 0          0 2 0  3  1  2        3  0  3      564223807294783152    21.0   21.0
 11   45.401574 1.042E-29 1.745E-03.06780.371 4613.57320.620.001890          0 0 1          0 0 1  7  4  4        6  5  1      534233837294713152    45.0   39.0
 11   45.407497 2.129E-29 3.149E-04.08870.391 4050.51250.74-.006780          1 0 0          0 2 0  5  2  3        5  5  0      534223837294713152    33.0   33.0
 11   45.452850 1.003E-28 2.077E-03.08580.391 4153.93810.71-.003250          1 0 0          1 0 0  6  2  5        5  3  2      534233837294713152    39.0   33.0
 11   45.726449 1.793E-29 1.984E-03.07330.371 4526.71980.670.004000          1 0 0          1 0 0  7  4  3        6  5  2      534243837294713152    45.0   39.0
 11   45.822986 3.331E-30 5.088E-04.04290.221 4728.22120.440.016300          0 1 0          0 1 0 14  6  9       15  3 12      534243837294713152    87.0   93.0
 11   45.889359 2.675E-29 1.969E-02.09900.456 4759.02350.74-.000460          0 3 0          0 3 0  3  0  3        2  1  2      434243807294713152    21.0   15.0
 11   45.970602 1.932E-26 3.577E-04.03660.255 2872.27430.370.009960          0 0 0          0 0 0 14  5 10       15  2 13      564426807260783049    87.0   93.0
 11   46.049595 3.357E-30 1.815E-04.08020.352 4348.41470.690.006790          1 0 0          1 0 0  6  4  3        7  1  6      534243837294713152    39.0   45.0
 11   46.056971 3.011E-30 4.111E-05.09050.412 4030.83890.71-.015570          0 0 1          1 0 0  5  1  5        4  3  2      534243837294713152    33.0   27.0
 11   46.071734 5.430E-28 3.969E-02.09460.391 4149.89920.740.003550          0 0 1          0 0 1  5  2  3        5  1  4      534223807294713152    11.0   11.0
 11   46.240961 3.191E-27 1.998E-04.06010.235 2880.83420.580.015990          0 0 0          0 0 0 13  7  7       14  4 10      534426837260713049    27.0   29.0
 11   46.383900 2.641E-27 3.980E-02.09460.391 4049.53610.740.003550          1 0 0          1 0 0  5  2  3        5  1  4      534223807294713152    33.0   33.0
 11   46.517167 5.201E-31 2.021E-05.08040.428 3750.46450.740.000000          0 0 1          1 0 0  1  1  0        2  1  1      5333308387659336 0     3.0    5.0
 11   46.644688 2.591E-29 1.628E-03.03530.281 4510.90160.400.004530          0 1 0          0 1 0 12  8  5       11  9  2      434243837294713152    75.0   69.0
 11   46.653337 8.639E-30 1.629E-03.03530.281 4510.90150.400.004540          0 1 0          0 1 0 12  8  4       11  9  3      434243837294713152    25.0   23.0
 11   46.921655 1.000E-22 3.740E-02.09950.467 1772.41340.750.003260          0 1 0          0 1 0  3  2  1        3  1  2      564223807294783152    21.0   21.0
 11   46.931698 5.036E-31 3.429E-02.09090.443 5510.91970.720.000000          1 1 0          1 1 0  4  2  2        4  1  3      4333308387659336 0     9.0    9.0
 11   46.963629 1.919E-30 5.035E-04.04600.208 4847.62210.48-.006540          0 1 0          0 1 0 15  4 11       16  3 14      434243837294713152    93.0   99.0
 11   46.974442 7.588E-31 1.618E-03.03950.317 4929.06880.610.000000          0 0 1          0 0 1  8  5  4        7  6  1      4333308387659336 0    17.0   15.0
 11   47.038996 6.918E-29 7.105E-03.08830.371 4249.52440.71-.009240          0 0 1          1 0 0  6  2  5        6  2  4      534243837294713152    13.0   13.0
 11   47.053153 1.412E-19 4.260E-02.09650.428  399.45750.740.003550          0 0 0          0 0 0  5  2  3        5  1  4      766426807240783049    33.0   33.0
 11   47.431404 3.027E-23 4.412E-02.09810.474 1875.46970.750.003640          0 1 0          0 1 0  4  2  2        4  1  3      764223837294783152     9.0    9.0
 11   47.648682 6.574E-26 3.154E-03.07630.352 2724.04150.690.004960          0 1 0          0 1 0  8  4  4        7  5  3      564223807294713152    17.0   15.0
 11   47.760003 3.669E-29 4.032E-03.07800.333 4564.03480.700.004520          0 2 0          0 2 0  9  4  5        8  5  4      434243807294713152    57.0   51.0
 11   47.866736 7.969E-24 3.276E-04.06250.331 1293.01810.580.010420          0 0 0          0 0 0  9  4  6       10  1  9      664426837260783049    19.0   21.0
 11   47.928420 5.355E-31 2.815E-02.08040.428 5332.01050.740.000000          1 1 0          1 1 0  2  2  0        2  1  1      4333308387659336 0     5.0    5.0
 11   47.982518 2.367E-30 1.723E-03.06000.352 4929.06170.590.004390          0 0 1          0 0 1  8  5  3        7  6  2      534243837294713152    51.0   45.0
 11   48.059304 9.349E-22 2.271E-03.08900.436  661.54890.71-.003790          0 0 0          0 0 0  7  2  6        6  3  3      764426807240783049    15.0   13.0
 11   48.410915 2.259E-29 2.380E-03.08580.391 4248.15250.71-.003250          0 0 1          0 0 1  6  2  5        5  3  2      534233837294713152    13.0   11.0
 11   48.605196 1.922E-29 6.653E-04.07820.391 4244.30470.64-.012550          1 0 0          0 0 1  6  3  4        5  3  3      534243837294713152    39.0   33.0
 11   48.827445 4.537E-30 1.471E-04.08520.371 4195.47730.690.004360          0 0 1          0 0 1  5  3  3        6  0  6      534243837294713152    33.0   39.0
 11   49.005446 2.096E-30 1.401E-04.08950.391 4076.14330.710.004390          0 0 1          0 0 1  4  3  2        5  0  5      534243837294713152     9.0   11.0
 11   49.153015 6.050E-24 4.692E-03.09060.457 2004.81570.72-.000490          0 1 0          0 1 0  5  2  3        4  3  2      564223837294783152    33.0   27.0
 11   49.192397 1.251E-29 7.170E-04.06820.391 4345.27190.58-.011880          1 0 0          0 0 1  6  4  3        5  4  2      534243837294713152    39.0   33.0
 11   49.458738 5.317E-29 1.746E-03.09620.412 3927.80280.73-.006210          0 0 1          1 0 0  4  1  4        4  1  3      534243837294713152     9.0    9.0
 11   49.583348 1.092E-29 1.590E-03.06430.333 4387.35710.560.002450          0 2 0          1 0 0  9  3  7        8  0  8      534243807294713152    19.0   17.0
 11   49.624417 4.114E-30 2.280E-03.07330.371 4613.52630.670.004000          0 0 1          0 0 1  7  4  3        6  5  2      534243837294713152    15.0   13.0
 11   49.836395 2.719E-23 3.114E-02.10120.462 1693.64980.750.002460          0 1 0          0 1 0  2  2  0        2  1  1      564223807294783152     5.0    5.0
 11   50.424594 3.032E-29 3.503E-03.08400.391 4257.78670.710.001560          1 0 0          1 0 0  6  3  3        5  4  2      534253837294713152    13.0   11.0
 11   50.571270 3.107E-27 3.949E-04.03100.281 3216.19320.470.006190          0 0 0          0 0 0 12 10  3       11 11  0      534426837260713049    75.0   69.0
 11   50.571286 1.036E-27 3.950E-04.03100.281 3216.19320.470.006190          0 0 0          0 0 0 12 10  2       11 11  1      534426837260713049    25.0   23.0
 11   50.627357 2.290E-29 3.396E-03.07810.333 4386.31310.70-.006910          0 2 0          0 2 0  9  3  7        8  4  4      534233807294713152    19.0   17.0
 11   50.684840 1.122E-29 4.125E-02.10450.504 4666.78920.750.006430          0 3 0          0 3 0  1  1  1        0  0  0      434223807294713152     3.0    1.0
 11   50.894347 4.209E-27 1.033E-02.09540.434 3387.68060.73-.002650          0 2 0          0 2 0  4  1  3        3  2  2      534223807294713152     9.0    7.0
 11   50.932898 4.931E-31 1.856E-04.06710.379 4527.94940.670.000000          0 2 0          0 0 1  7  6  2        7  2  5      5333308387659336 0    15.0   15.0
 11   51.006316 1.153E-25 1.291E-03.03690.203 2471.25500.450.004850          0 0 0          0 0 0 11  8  4       10  9  1      564426807260783049    23.0   21.0
 11   51.010150 3.458E-25 1.291E-03.03700.203 2471.25500.450.004850          0 0 0          0 0 0 11  8  3       10  9  2      564426837260783049    69.0   63.0
 11   51.325202 5.985E-26 3.070E-02.09900.455 3237.91730.74-.000460          0 2 0          0 2 0  3  0  3        2  1  2      564223807294783152    21.0   15.0
 11   51.434484 1.526E-21 3.593E-03.09000.450  610.11440.710.001560          0 0 0          0 0 0  6  3  3        5  4  2      764826837240973049    13.0   11.0
 11   51.738406 3.730E-30 2.763E-03.08450.333 4689.32860.71-.014290          0 0 1          1 0 0  8  3  6        8  3  5      534233837294713152    17.0   17.0
 11   52.004404 4.707E-29 4.979E-02.10090.434 4804.91280.750.002360          0 3 0          0 3 0  3  1  2        3  0  3      434243807294713152    21.0   21.0
 11   52.059020 1.504E-30 5.706E-02.09460.391 5634.12090.740.003550          1 1 0          1 1 0  5  2  3        5  1  4      434243807294713152    33.0   33.0
 11   52.161052 6.580E-28 2.611E-02.09890.456 3833.57670.740.004230          0 0 1          0 0 1  2  2  1        2  1  2      534223807294713152     5.0    5.0
 11   52.163374 8.238E-31 7.369E-05.06180.333 4197.36100.610.000000          1 0 0          0 2 0  6  2  4        6  5  1      5333308387659336 0    13.0   13.0
 11   52.181542 2.365E-28 2.484E-02.09210.391 4195.97100.740.001070          0 0 1          0 0 1  5  3  2        5  2  3      534263837294713152    11.0   11.0
 11   52.510733 2.271E-22 2.883E-04.08800.366  704.21410.690.006790          0 0 0          0 0 0  6  4  3        7  1  6      764426837240783049    39.0   45.0
 11   52.785690 1.294E-27 3.536E-02.09620.412 3875.01710.730.000550          1 0 0          1 0 0  4  1  3        4  0  4      534223807294713152     9.0    9.0
 11   53.105672 7.333E-23 6.083E-02.09460.480 2000.86290.740.003550          0 1 0          0 1 0  5  2  3        5  1  4      564223807294783152    33.0   33.0
 11   53.173041 2.385E-27 3.555E-02.09620.412 3974.63090.730.000550          0 0 1          0 0 1  4  1  3        4  0  4      534223807294713152    27.0   27.0
 11   53.245251 2.621E-23 2.904E-04.07470.350 1201.92150.680.010120          0 0 0          0 0 0  8  5  4        9  2  7      764426807260783049    51.0   57.0
 11   53.444281 6.888E-20 3.709E-02.09620.499  222.05280.730.000550          0 0 0          0 0 0  4  1  3        4  0  4      764426807260783049     9.0    9.0
 11   53.553461 2.573E-30 2.355E-04.09510.391 4195.97100.74-.009050          1 0 0          0 0 1  6  2  4        5  2  3      534233837294713152    13.0   11.0
 11   53.650054 2.799E-28 1.136E-03.05200.208 3758.39680.520.002070          0 0 0          0 0 0 17  4 14       16  5 11      434426837260713049    35.0   33.0
 11   53.797462 3.311E-27 2.807E-02.09890.456 3734.89690.740.004230          1 0 0          1 0 0  2  2  1        2  1  2      534223807294713152    15.0   15.0
 11   54.083557 1.643E-27 5.220E-02.10400.480 3779.49310.760.005980          0 0 1          0 0 1  2  1  2        1  0  1      534223807294713152     5.0    3.0
 11   54.191923 3.030E-30 4.016E-02.09900.456 5315.50010.74-.000460          1 1 0          1 1 0  3  0  3        2  1  2      434243837294713152    21.0   15.0
 11   54.443238 7.935E-27 5.232E-02.10400.480 3680.45370.760.005980          1 0 0          1 0 0  2  1  2        1  0  1      534223837294713152    15.0    9.0
 11   54.460926 1.033E-30 1.873E-04.08030.352 4332.77380.670.004680          0 0 1          0 0 1  6  3  4        7  0  7      534233837294713152    13.0   15.0
 11   54.514896 3.055E-30 1.781E-04.08460.371 4290.75700.700.005380          0 0 1          0 0 1  5  4  2        6  1  5      534223837294713152    33.0   39.0
 11   54.530806 1.446E-29 2.235E-04.08950.391 3976.30810.710.004390          1 0 0          1 0 0  4  3  2        5  0  5      534243837294713152    27.0   33.0
 11   54.592012 1.138E-30 5.309E-05.09280.412 3977.26160.720.002480          1 0 0          0 0 1  4  3  1        4  1  4      534233837294713152     9.0    9.0
 11   54.619971 6.374E-30 7.120E-04.04920.235 4382.77980.490.017860          0 1 0          0 1 0 13  6  8       14  3 11      434233837294713152    27.0   29.0
 11   54.660069 1.763E-27 6.078E-04.06290.265 3386.37950.59-.004300          0 1 0          0 1 0 11  3  8       12  2 11      534223837294713152    69.0   75.0
 11   54.835241 1.462E-22 4.095E-02.09900.508 1677.06140.74-.000460          0 1 0          0 1 0  3  0  3        2  1  2      564223837294783152    21.0   15.0
 11   54.925774 1.289E-25 4.187E-04.08250.333 2337.66680.69-.000650          0 1 0          0 1 0  7  2  5        8  1  8      764223837294713152    45.0   51.0
 11   54.972042 3.977E-30 2.716E-04.08520.371 4095.31520.690.004360          1 0 0          1 0 0  5  3  3        6  0  6      534233837294713152    11.0   13.0
 11   55.405254 1.813E-19 3.050E-02.09890.522   79.49640.740.004230          0 0 0          0 0 0  2  2  1        2  1  2      764426807260783049    15.0   15.0
 11   55.438851 5.822E-30 1.169E-04.09490.412 3974.63100.730.004970          0 0 1          0 0 1  3  3  1        4  0  4      534233807294713152    21.0   27.0
 11   55.702029 4.314E-19 5.570E-02.10400.493   23.79440.760.005980          0 0 0          0 0 0  2  1  2        1  0  1      764426807260783049    15.0    9.0
 11   55.876761 1.879E-29 4.255E-03.07440.371 4401.94180.64-.003720          1 0 0          1 0 0  7  3  5        6  4  2      534253807294713152    15.0   13.0
 11   56.346997 7.506E-29 5.144E-03.08620.371 4350.69930.73-.000860          0 2 0          0 0 1  6  6  1        6  2  4      534233807294713152    39.0   39.0
 11   56.382794 5.036E-30 1.011E-03.07240.391 4345.55910.63-.008270          1 0 0          0 0 1  6  4  2        5  4  1      534233837294713152    13.0   11.0
 11   56.475202 7.650E-27 4.893E-02.09900.456 3734.89690.74-.000460          1 0 0          1 0 0  3  0  3        2  1  2      534223837294713152    21.0   15.0
 11   56.488091 1.058E-23 4.874E-04.05550.302 1524.84790.530.009860          0 0 0          0 0 0 10  4  7       11  1 10      664426807260783049    63.0   69.0
 11   56.510296 3.179E-28 5.732E-04.03750.195 3567.25480.40-.005850          0 0 0          0 0 0 16  4 12       17  3 15      434426837260713049    33.0   35.0
 11   56.540151 8.191E-31 5.792E-02.08040.428 5354.87090.740.000000          0 1 1          0 1 1  2  1  2        1  0  1      5333308387659336 0     5.0    3.0
 11   56.553460 3.989E-27 2.719E-03.07390.281 3535.87040.69-.006780          0 1 0          0 1 0 12  3 10       11  4  7      534223837294713152    75.0   69.0
 11   56.667933 4.071E-30 5.611E-04.07160.371 4296.56340.59-.014660          1 0 0          0 0 1  7  2  6        6  2  5      534233837294713152    15.0   13.0
 11   57.100856 3.913E-30 5.836E-02.10400.480 5258.39920.760.005980          1 1 0          1 1 0  2  1  2        1  0  1      434243837294713152    15.0    9.0
 11   57.168983 7.858E-22 2.514E-04.08950.447  325.34790.710.004390          0 0 0          0 0 0  4  3  2        5  0  5      764426807260783049    27.0   33.0
 11   57.252663 1.679E-27 5.286E-02.09900.456 3833.57670.74-.000460          0 0 1          0 0 1  3  0  3        2  1  2      534223837294713152     7.0    5.0
 11   57.265273 4.032E-19 5.030E-02.09900.515   79.49640.74-.000460          0 0 0          0 0 0  3  0  3        2  1  2      764426807260783049    21.0   15.0
 11   57.271515 2.153E-22 3.056E-04.08520.421  446.69660.690.004360          0 0 0          0 0 0  5  3  3        6  0  6      764426807260783049    11.0   13.0
 11   57.329497 8.116E-28 5.672E-02.09120.371 4350.69930.730.002910          0 0 1          0 0 1  6  3  3        6  2  4      534223837294713152    39.0   39.0
 11   57.364211 2.035E-26 7.321E-02.09810.474 3438.57500.750.003640          0 2 0          0 2 0  4  2  2        4  1  3      564223837294783152     9.0    9.0
 11   57.469246 2.217E-29 7.928E-03.06140.315 4784.66210.56-.007260          0 2 0          0 2 0 10  4  7        9  5  4      434233837294713152    63.0   57.0
 11   57.614229 1.358E-30 4.706E-02.09620.412 5550.67130.730.000550          0 1 1          0 1 1  4  1  3        4  0  4      534223807294713152    27.0   27.0
 11   57.716679 3.841E-30 5.570E-03.07740.298 4864.37330.71-.006130          0 2 0          0 2 0 11  3  9       10  4  6      534233837294713152    23.0   21.0
 11   57.888452 1.671E-29 1.266E-03.07850.371 4394.46430.67-.021040          0 0 1          1 0 0  7  2  6        6  4  3      534233837294713152    45.0   39.0
 11   57.890333 1.086E-30 1.247E-04.08910.371 4190.26220.720.000540          0 0 1          1 0 0  5  3  2        6  1  5      534233837294713152    11.0   13.0
 11   57.941090 4.451E-29 6.934E-03.07850.315 4611.79480.71-.006120          0 2 0          0 2 0 10  3  8        9  4  5      434243837294713152    63.0   57.0
 11   58.018062 2.184E-27 5.299E-02.09210.391 4095.92000.740.001070          1 0 0          1 0 0  5  3  2        5  2  3      534223837294713152    33.0   33.0
 11   58.018518 3.591E-23 4.949E-02.09620.479 1817.45120.730.000550          0 1 0          0 1 0  4  1  3        4  0  4      564223837294783152     9.0    9.0
 11   58.053433 7.569E-25 7.220E-03.07560.352 2572.13920.67-.006660          0 1 0          0 1 0  8  3  6        7  4  3      664223837294783152    51.0   45.0
 11   58.122776 6.909E-26 6.523E-02.09950.467 3334.62660.750.003260          0 2 0          0 2 0  3  2  1        3  1  2      564223837294783152    21.0   21.0
 11   58.483992 1.888E-27 6.670E-04.03170.208 3211.05580.320.007930          0 0 0          0 0 0 15  5 11       16  2 14      534426837260713049    31.0   33.0
 11   58.504326 1.964E-22 6.235E-02.10400.490 1618.55710.760.005980          0 1 0          0 1 0  2  1  2        1  0  1      564223837294783152    15.0    9.0
 11   58.655108 3.916E-31 3.204E-05.08610.425 4076.14330.670.000000          1 0 0          0 0 1  4  4  0        5  0  5      5333308387659336 0     9.0   11.0
 11   58.686895 5.086E-28 6.696E-02.09120.371 4249.52440.730.002910          1 0 0          1 0 0  6  3  3        6  2  4      534223837294713152    13.0   13.0
 11   58.733831 1.820E-28 8.045E-02.08970.352 4527.94940.730.003920          0 0 1          0 0 1  7  3  4        7  2  5      534223807294713152    15.0   15.0
 11   58.775422 3.029E-20 8.000E-02.09120.468  602.77350.730.002910          0 0 0          0 0 0  6  3  3        6  2  4      764426807260783049    13.0   13.0
 11   58.914047 1.371E-21 6.685E-03.07440.397  757.78020.64-.003720          0 0 0          0 0 0  7  3  5        6  4  2      764426807260783049    15.0   13.0
 11   58.925767 9.340E-28 8.418E-02.08970.352 4426.06640.730.003920          1 0 0          1 0 0  7  3  4        7  2  5      534223807294713152    45.0   45.0
 11   59.262252 7.128E-28 7.114E-02.08940.371 4190.26220.710.002410          1 0 0          1 0 0  6  2  4        6  1  5      534223807294713152    13.0   13.0
 11   59.862416 3.940E-26 1.856E-03.03240.175 2972.82730.410.005030          0 0 0          0 0 0 12  9  4       11 10  1      564426807260783049    75.0   69.0
 11   59.863030 1.313E-26 1.855E-03.03240.175 2972.82730.410.005040          0 0 0          0 0 0 12  9  3       11 10  2      564426807260783049    25.0   23.0
 11   59.867716 3.690E-20 7.439E-02.08940.467  542.90580.710.002410          0 0 0          0 0 0  6  2  4        6  1  5      764426807260783049    13.0   13.0
 11   59.942287 1.320E-27 7.251E-02.08940.371 4290.75700.710.002410          0 0 1          0 0 1  6  2  4        6  1  5      534223837294713152    39.0   39.0
 11   59.946765 4.817E-20 9.001E-02.09700.451  782.40980.730.003920          0 0 0          0 0 0  7  3  4        7  2  5      764426807240783049    45.0   45.0
 11   59.962783 2.780E-30 1.251E-03.08440.371 4526.72040.72-.006790          0 0 1          1 0 0  7  3  4        6  5  1      534233837294713152    15.0   13.0
 11   60.058814 2.716E-30 3.647E-04.08980.391 4248.15250.73-.007020          1 0 0          0 0 1  6  3  3        5  3  2      534233837294713152    13.0   11.0
 11   60.194051 3.619E-30 1.475E-04.09490.412 3875.01710.730.004970          1 0 0          1 0 0  3  3  1        4  0  4      534233837294713152     7.0    9.0
 11   60.340828 1.705E-27 4.574E-02.09240.412 4066.12260.730.000810          0 0 1          0 0 1  4  3  1        4  2  2      534223837294713152    27.0   27.0
 11   60.557771 1.825E-29 5.556E-03.06510.352 4695.83630.590.001410          1 0 0          1 0 0  8  4  5        7  5  2      534243807294713152    51.0   45.0
 11   60.725425 8.228E-30 3.451E-04.08030.352 4232.18450.670.004680          1 0 0          1 0 0  6  3  4        7  0  7      534233837294713152    39.0   45.0
 11   60.763998 1.562E-30 6.481E-05.08660.371 4195.47730.70-.000020          1 0 0          0 0 1  5  4  1        6  0  6      534233837294713152    33.0   39.0
 11   61.077732 3.007E-27 4.591E-02.09490.434 3895.58810.730.003610          0 0 1          0 0 1  3  2  2        3  1  3      534223837294713152    21.0   21.0
 11   61.172587 2.005E-29 1.873E-03.09060.412 4134.79840.73-.010410          0 0 1          1 0 0  5  2  3        4  4  0      534233837294713152    11.0    9.0
 11   61.355669 6.663E-30 2.765E-02.07250.298 5273.63260.640.006060          1 0 0          0 0 1 10  5  6       10  3  7      534233807294713152    63.0   63.0
 11   61.467526 4.684E-26 9.211E-02.09460.455 3565.45460.740.003550          0 2 0          0 2 0  5  2  3        5  1  4      564223807294783152    33.0   33.0
 11   61.527320 8.639E-28 6.618E-03.04610.298 3770.72440.460.004720          0 1 0          0 1 0 11  6  6       10  7  3      534223837294713152    23.0   21.0
 11   61.682116 1.444E-23 2.096E-02.09540.456 1813.78750.73-.002650          0 1 0          0 1 0  4  1  3        3  2  2      564223807294783152     9.0    7.0
 11   61.749578 1.716E-24 3.553E-04.07040.326 1813.22340.660.011990          0 0 0          0 0 0 10  6  5       11  3  8      664426837260783049    63.0   69.0
 11   61.774388 5.518E-30 4.089E-04.06600.391 4345.27190.64-.018870          0 2 0          0 0 1  6  6  1        5  4  2      534233837294713152    39.0   33.0
 11   61.815762 3.335E-28 4.244E-02.08940.391 4195.97100.73-.005790          1 0 0          0 0 1  5  4  2        5  2  3      534223837294713152    11.0   11.0
 11   61.864602 1.890E-26 5.473E-02.10120.462 3255.34600.750.002460          0 2 0          0 2 0  2  2  0        2  1  1      564223837294783152     5.0    5.0
 11   61.903755 5.088E-29 6.663E-03.07440.371 4491.36970.64-.003720          0 0 1          0 0 1  7  3  5        6  4  2      534253807294713152    45.0   39.0
 11   62.252129 2.448E-26 7.797E-03.05420.315 3321.01330.520.003050          0 1 0          0 1 0 10  5  6        9  6  3      564223807294713152    63.0   57.0
 11   62.301389 1.552E-19 8.074E-02.09210.419  446.51070.740.001070          0 0 0          0 0 0  5  3  2        5  2  3      764426807260783049    33.0   33.0
 11   62.335800 1.667E-27 4.829E-02.09490.434 3796.53970.730.003610          1 0 0          1 0 0  3  2  2        3  1  3      534223807294713152     7.0    7.0
 11   62.433029 2.668E-27 6.928E-03.04790.298 3770.71130.480.006450          0 1 0          0 1 0 11  6  5       10  7  4      534223807294713152    69.0   63.0
 11   62.476071 1.102E-25 7.295E-02.10400.445 3175.44130.760.005980          0 2 0          0 2 0  2  1  2        1  0  1      564223807294783152    15.0    9.0
 11   62.701712 3.187E-23 3.242E-04.07620.402  920.21000.66-.002590          0 0 0          0 0 0  8  2  6        9  1  9      764426807260783049    17.0   19.0
 11   62.735153 4.399E-22 3.850E-04.08030.412  586.24350.670.004680          0 0 0          0 0 0  6  3  4        7  0  7      764426807260783049    39.0   45.0
 11   62.756888 6.454E-29 4.870E-03.08400.391 4345.27190.710.001560          0 0 1          0 0 1  6  3  3        5  4  2      534253837294713152    39.0   33.0
 11   62.842361 3.335E-28 1.075E-03.05430.265 3587.66670.530.015020          0 1 0          0 1 0 11  5  7       12  2 10      534223837294713152    23.0   25.0
 11   62.873090 1.088E-21 7.296E-03.06510.331 1059.83550.590.001410          0 0 0          0 0 0  8  4  5        7  5  2      764426837260783049    51.0   45.0
 11   63.154109 6.395E-31 3.163E-04.05910.302 4559.75200.560.000000          1 0 0          1 0 0  8  2  6        9  1  9      4333308387659336 0    17.0   19.0
 11   63.166582 1.945E-22 1.628E-04.09490.436  222.05280.730.004970          0 0 0          0 0 0  3  3  1        4  0  4      764426807260783049     7.0    9.0
 11   63.191028 6.007E-26 9.195E-03.06220.333 2920.13210.56-.001600          0 1 0          0 1 0  9  4  6        8  5  3      664223837294713152    19.0   17.0
 11   63.244428 1.994E-30 4.410E-02.09890.456 5315.50010.740.004230          1 1 0          1 1 0  2  2  1        2  1  2      434243807294713152    15.0   15.0
 11   63.277059 2.281E-26 6.746E-02.09620.456 3375.29790.730.000550          0 2 0          0 2 0  4  1  3        4  0  4      564223807294783152     9.0    9.0
 11   63.338888 6.297E-23 6.320E-03.05660.293 1411.64190.550.003990          0 0 0          0 0 0  9  5  5        8  6  2      664426807260783049    19.0   17.0
 11   63.347986 2.383E-28 6.428E-03.03890.281 4265.97640.400.004640          0 1 0          0 1 0 12  7  6       11  8  3      534233807294713152    75.0   69.0
 11   63.430852 2.883E-28 1.176E-03.04790.250 3877.08860.480.013900          0 1 0          0 1 0 12  5  8       13  2 11      534223807294713152    75.0   81.0
 11   63.493810 3.500E-25 5.744E-04.05410.291 2042.37410.53-.005430          0 0 0          0 0 0 12  3  9       13  2 12      564426807260783049    25.0   27.0
 11   63.498736 9.989E-24 2.722E-03.07390.384 1899.00820.69-.006780          0 0 0          0 0 0 12  3 10       11  4  7      664426807260783049    75.0   69.0
 11   63.521417 7.987E-29 6.483E-03.03930.281 4265.97440.410.004940          0 1 0          0 1 0 12  7  5       11  8  4      534233837294713152    25.0   23.0
 11   63.993783 2.908E-20 1.143E-02.09060.406  382.51690.72-.000490          0 0 0          0 0 0  5  2  3        4  3  2      764426837260783049    33.0   27.0
 11   64.022940 9.049E-20 5.218E-02.09490.443  142.27850.730.003610          0 0 0          0 0 0  3  2  2        3  1  3      764426807260783049     7.0    7.0
 11   64.155298 3.841E-31 9.380E-02.08260.413 5776.79140.680.000000          1 1 0          1 1 0  6  2  4        6  1  5      4333308387659336 0    13.0   13.0
 11   64.385054 2.644E-23 5.670E-03.04800.260 1810.58790.490.004790          0 0 0          0 0 0 10  6  5        9  7  2      664426807260783049    63.0   57.0
 11   64.493798 1.955E-24 1.024E-02.08410.376 2398.38150.710.001660          0 1 0          0 1 0  7  3  4        6  4  3      664223837294783152    45.0   39.0
 11   64.735853 1.637E-29 7.058E-02.08530.315 5022.28130.720.003820          0 0 1          0 0 1  9  4  5        9  3  6      534243837294713152    19.0   19.0
 11   64.791989 1.113E-28 7.546E-04.02770.265 3766.38720.440.006040          0 0 0          0 0 0 13 11  3       12 12  0      434433837260713049    27.0   25.0
 11   64.791991 3.340E-28 7.548E-04.02770.265 3766.38720.440.006050          0 0 0          0 0 0 13 11  2       12 12  1      434426837260713049    81.0   75.0
 11   64.878544 8.949E-24 5.808E-03.04880.267 1810.58330.500.005380          0 0 0          0 0 0 10  6  4        9  7  3      664426837260783049    21.0   19.0
 11   64.926909 1.826E-23 9.796E-02.08940.423 2146.26370.710.002410          0 1 0          0 1 0  6  2  4        6  1  5      764223837294783152    13.0   13.0
 11   65.081140 5.895E-28 1.189E-02.09060.412 4030.83890.72-.000490          1 0 0          1 0 0  5  2  3        4  3  2      534223807294713152    33.0   27.0
 11   65.182971 2.121E-30 2.900E-04.07440.333 4488.09050.640.005110          0 0 1          0 0 1  7  3  5        8  0  8      534233837294713152    45.0   51.0
 11   65.186283 1.373E-27 1.550E-02.08780.391 3719.49290.71-.001500          0 2 0          0 2 0  6  2  4        5  3  3      534223837294713152    13.0   11.0
 11   65.244196 1.008E-22 4.817E-02.09890.474 1677.06150.740.004230          0 1 0          0 1 0  2  2  1        2  1  2      564226807294783152    15.0   15.0
 11   65.294277 1.329E-27 7.216E-02.09240.412 3966.55930.730.000810          1 0 0          1 0 0  4  3  1        4  2  2      534223807294713152     9.0    9.0
 11   65.685930 2.033E-22 7.091E-03.06020.303 1411.61150.580.006640          0 0 0          0 0 0  9  5  4        8  6  3      764426837260783049    57.0   51.0
 11   66.101726 6.854E-29 3.984E-04.05330.208 3758.39680.510.011640          0 0 0          0 0 0 15  8  8       16  5 11      434233837260713049    31.0   33.0
 11   66.422524 1.618E-28 1.153E-01.08750.333 4622.90610.720.003930          1 0 0          1 0 0  8  3  5        8  2  6      534253807294713152    17.0   17.0
 11   66.470896 9.310E-27 9.588E-03.06190.315 3320.92970.590.008850          0 1 0          0 1 0 10  5  5        9  6  4      534223807294713152    21.0   19.0
 11   67.208654 1.075E-22 2.925E-04.08460.401  542.90580.700.005380          0 0 0          0 0 0  5  4  2        6  1  5      764426807260783049    11.0   13.0
 11   67.245951 8.087E-21 1.209E-01.09700.435  982.91170.720.003930          0 0 0          0 0 0  8  3  5        8  2  6      764426807240783049    17.0   17.0
 11   67.278045 2.949E-28 1.168E-01.08750.333 4725.06220.720.003930          0 0 1          0 0 1  8  3  5        8  2  6      534223837294713152    51.0   51.0
 11   67.388197 7.612E-28 5.414E-02.09160.434 3962.91790.720.000970          0 0 1          0 0 1  3  3  0        3  2  1      534223837294713152     7.0    7.0
 11   67.524553 9.737E-31 1.334E-04.08260.413 4190.26220.680.000000          1 0 0          1 0 0  5  4  2        6  1  5      5333308387659336 0    11.0   13.0
 11   67.528609 1.062E-24 5.696E-03.04080.241 2254.28450.440.004720          0 0 0          0 0 0 11  7  5       10  8  2      564426837260783049    23.0   21.0
 11   67.621953 3.194E-24 5.720E-03.04100.244 2254.28380.440.004820          0 0 0          0 0 0 11  7  4       10  8  3      564426837260783049    69.0   63.0
 11   68.062981 7.298E-20 8.163E-02.08800.436  315.77950.730.000810          0 0 0          0 0 0  4  3  1        4  2  2      764426807240783049     9.0    9.0
 11   68.101670 5.008E-30 8.302E-03.06020.333 5039.62740.580.006640          1 0 0          1 0 0  9  5  4        8  6  3      434223837294713152    57.0   51.0
 11   68.127744 6.488E-30 7.220E-03.03340.265 4803.82030.350.004110          0 1 0          0 1 0 13  8  6       12  9  3      434233837294713152    27.0   25.0
 11   68.158835 1.948E-29 7.229E-03.03350.265 4803.82000.360.004150          0 1 0          0 1 0 13  8  5       12  9  4      434233837294713152    81.0   75.0
 11   68.195384 2.745E-29 3.415E-04.10000.434 3827.39270.74-.007540          0 0 1          1 0 0  3  1  3        3  1  2      534233837294713152    21.0   21.0
 11   68.281328 5.341E-29 7.590E-03.08630.352 4484.99220.72-.013810          0 0 1          1 0 0  7  3  5        7  3  4      534233837294713152    45.0   45.0
 11   68.380761 1.382E-30 1.172E-02.07200.298 5169.03920.640.005310          0 2 0          1 0 0 10  6  4       10  3  7      534233837294713152    21.0   21.0
 11   68.409793 3.367E-27 1.160E-03.06110.281 3314.85560.580.014950          0 1 0          0 1 0 10  5  6       11  2  9      534223837294713152    63.0   69.0
 11   68.413362 1.439E-24 7.611E-04.04870.291 1774.61630.470.008470          0 0 0          0 0 0 11  4  8       12  1 11      564426837260783049    23.0   25.0
 11   68.443728 7.870E-29 9.140E-02.10400.480 4690.57980.760.005980          0 3 0          0 3 0  2  1  2        1  0  1      434243837294713152    15.0    9.0
 11   68.617765 5.592E-30 9.003E-03.06510.352 4782.92000.590.001410          0 0 1          0 0 1  8  4  5        7  5  2      534243837294713152    17.0   15.0
 11   68.647262 1.270E-29 3.359E-02.09050.412 5021.39140.71-.003120          0 3 0          0 3 0  5  1  4        4  2  3      434243837294713152    33.0   27.0
 11   68.707196 1.501E-30 7.542E-03.05660.333 5039.64210.550.003990          1 0 0          1 0 0  9  5  5        8  6  2      434243837294713152    19.0   17.0
 11   68.895042 6.860E-28 2.143E-02.09070.412 4066.12260.73-.005320          1 0 0          0 0 1  4  4  1        4  2  2      534223837294713152    27.0   27.0
 11   68.927313 9.803E-28 3.357E-02.09540.434 3858.87550.73-.002650          1 0 0          1 0 0  4  1  3        3  2  2      534223837294713152     9.0    7.0
 11   69.059198 2.709E-29 1.501E-03.04200.235 4183.38900.420.012100          0 1 0          0 1 0 13  5  9       14  2 12      534233837294713152    27.0   29.0
 11   69.168065 3.819E-31 9.099E-05.07410.362 4332.77380.610.000000          1 0 0          0 0 1  6  4  2        7  0  7      5333308387659336 0    13.0   15.0
 11   69.195616 4.970E-20 3.328E-02.09540.483  206.30140.73-.002650          0 0 0          0 0 0  4  1  3        3  2  2      764426807260783049     9.0    7.0
 11   69.462897 1.689E-28 9.624E-02.08530.333 4792.34030.720.001250          0 0 1          0 0 1  8  4  4        8  3  5      534243837294713152    51.0   51.0
 11   69.531865 1.023E-26 7.310E-03.07740.298 3253.73800.71-.006130          0 1 0          0 1 0 11  3  9       10  4  6      564223837294713152    23.0   21.0
 11   69.553780 7.473E-28 2.232E-02.09240.391 4095.92000.73-.010200          0 0 1          1 0 0  5  2  4        5  2  3      534223837294713152    33.0   33.0
 11   69.740675 1.445E-25 1.204E-02.07810.333 2771.69000.70-.006910          0 1 0          0 1 0  9  3  7        8  4  4      564223807294713152    19.0   17.0
 11   69.943837 1.822E-29 9.614E-02.09620.412 4891.74280.730.000550          0 3 0          0 3 0  4  1  3        4  0  4      434223837294713152     9.0    9.0
 11   70.282724 2.451E-23 1.378E-01.08970.448 2392.59250.730.003920          0 1 0          0 1 0  7  3  4        7  2  5      764223837294783152    45.0   45.0
 11   70.375032 9.294E-27 1.186E-01.10060.456 3825.21310.750.005190          0 0 1          0 0 1  3  1  3        2  0  2      534223837294713152    21.0   15.0
 11   70.474439 1.019E-28 1.103E-03.05650.250 4052.81090.560.018150          0 1 0          0 1 0 12  6  7       13  3 10      534233837294713152    75.0   81.0
 11   70.580874 3.845E-27 5.969E-02.09160.434 3864.76380.720.000970          1 0 0          1 0 0  3  3  0        3  2  1      534223837294713152    21.0   21.0
 11   70.583900 9.919E-30 2.732E-03.07420.371 4387.23480.62-.014800          1 0 0          0 0 1  7  3  5        6  3  4      534233837294713152    15.0   13.0
 11   70.597751 4.950E-27 1.174E-01.10060.456 3725.94200.750.005190          1 0 0          1 0 0  3  1  3        2  0  2      534223837294713152     7.0    5.0
 11   70.822249 1.324E-28 1.397E-02.09060.412 4125.14870.72-.000490          0 0 1          0 0 1  5  2  3        4  3  2      534243837294713152    11.0    9.0
 11   70.969605 1.276E-27 2.797E-03.02860.265 3512.40490.380.005140          0 0 0          0 0 0 13 10  4       12 11  1      534426837260713049    27.0   25.0
 11   70.969705 3.828E-27 2.797E-03.02860.265 3512.40490.380.005140          0 0 0          0 0 0 13 10  3       12 11  2      534426837260713049    81.0   75.0
 11   70.980202 2.480E-29 9.428E-02.09340.434 4820.76260.720.000360          0 3 0          0 3 0  4  0  4        3  1  3      434243837294713152     9.0    7.0
 11   71.064733 3.373E-30 8.784E-03.05660.333 5122.39290.550.003990          0 0 1          0 0 1  9  5  5        8  6  2      534243837294713152    57.0   51.0
 11   71.138175 2.045E-27 3.895E-02.09540.434 3956.66580.73-.002650          0 0 1          0 0 1  4  1  3        3  2  2      534223837294713152    27.0   21.0
 11   71.398973 1.606E-23 1.319E-01.09120.439 2211.19060.730.002910          0 1 0          0 1 0  6  3  3        6  2  4      764223837294783152    13.0   13.0
 11   71.552823 5.029E-29 1.019E-02.07560.352 4572.44630.67-.006660          1 0 0          1 0 0  8  3  6        7  4  3      534243837294713152    51.0   45.0
 11   71.596697 1.100E-26 1.342E-01.08940.423 3713.08250.710.002410          0 2 0          0 2 0  6  2  4        6  1  5      564223837294783152    13.0   13.0
 11   72.022900 1.728E-29 1.325E-01.09810.412 4961.68660.750.003640          0 3 0          0 3 0  4  2  2        4  1  3      434233837294713152     9.0    9.0
 11   72.128918 4.857E-22 1.144E-02.07630.365 1059.64670.690.004960          0 0 0          0 0 0  8  4  4        7  5  3      764426837260783049    17.0   15.0
 11   72.187671 2.671E-19 1.246E-01.10060.457   70.09080.750.005190          0 0 0          0 0 0  3  1  3        2  0  2      764426807260783049     7.0    5.0
 11   72.235563 1.558E-28 1.345E-03.08250.333 3895.25290.69-.000650          0 2 0          0 2 0  7  2  5        8  1  8      534233837294713152    45.0   51.0
 11   72.245056 9.924E-31 7.387E-02.09630.460 5376.78470.770.000000          1 1 0          1 1 0  3  2  2        3  1  3      4333308387659336 0     7.0    7.0
 11   72.364275 1.435E-27 1.145E-03.02730.195 3567.17380.260.006250          0 0 0          0 0 0 16  5 12       17  2 15      434426837260713049    99.0  105.0
 11   72.407702 4.422E-30 1.236E-01.10060.456 5400.73670.750.005190          0 1 1          0 1 1  3  1  3        2  0  2      534233837294713152    21.0   15.0
 11   72.630571 8.909E-23 5.170E-04.07440.359  744.06370.640.005110          0 0 0          0 0 0  7  3  5        8  0  8      764426807260783049    15.0   17.0
 11   72.778475 2.341E-30 1.234E-01.10060.456 5304.00620.750.005190          1 1 0          1 1 0  3  1  3        2  0  2      434233837294713152     7.0    5.0
 11   72.790732 1.131E-27 7.337E-02.09060.412 3977.26160.710.003420          0 0 1          0 0 1  4  2  3        4  1  4      534223837294713152     9.0    9.0
 11   73.091304 3.343E-25 6.404E-03.03530.214 2740.42090.400.004530          0 0 0          0 0 0 12  8  5       11  9  2      564426837260783049    75.0   69.0
 11   73.107899 1.115E-25 6.409E-03.03530.214 2740.42080.400.004540          0 0 0          0 0 0 12  8  4       11  9  3      564426837260783049    25.0   23.0
 11   73.202050 1.094E-29 1.243E-02.07630.352 4695.83640.690.004960          1 0 0          1 0 0  8  4  4        7  5  3      534243837294713152    17.0   15.0
 11   73.228046 4.036E-27 7.157E-02.08990.391 3976.30810.70-.000610          1 0 0          1 0 0  5  1  4        5  0  5      534223837294713152    33.0   33.0
 11   73.262210 2.105E-19 6.643E-02.09160.433  212.15640.720.000970          0 0 0          0 0 0  3  3  0        3  2  1      764426807260783049    21.0   21.0
 11   73.307024 1.958E-28 1.875E-02.08270.352 4186.56940.700.000990          0 2 0          0 2 0  8  3  5        7  4  4      434233837294713152    17.0   15.0
 11   73.403985 2.578E-27 6.548E-02.08860.434 3956.66580.700.002000          0 0 1          0 0 1  3  3  1        3  2  2      534223837294713152    21.0   21.0
 11   73.739788 5.524E-27 7.470E-02.09060.412 3877.57520.710.003420          1 0 0          1 0 0  4  2  3        4  1  4      534223837294713152    27.0   27.0
 11   73.755961 8.348E-28 7.276E-02.08990.391 4076.14330.70-.000610          0 0 1          0 0 1  5  1  4        5  0  5      534223837294713152    11.0   11.0
 11   73.886866 8.817E-29 8.907E-02.08530.315 4918.23470.720.003820          1 0 0          1 0 0  9  4  5        9  3  6      434243837294713152    57.0   57.0
 11   73.925701 3.946E-30 1.891E-03.06810.371 4490.06390.59-.012210          1 0 0          0 0 1  7  4  4        6  4  3      534233837294713152    15.0   13.0
 11   73.960048 1.469E-25 1.192E-02.07850.315 2998.76630.71-.006120          0 1 0          0 1 0 10  3  8        9  4  5      564223837294713152    63.0   57.0
 11   73.992503 3.790E-29 1.527E-01.09460.391 5090.03870.740.003550          0 3 0          0 3 0  5  2  3        5  1  4      434243837294713152    33.0   33.0
 11   74.109613 2.141E-19 7.554E-02.08990.468  325.34790.70-.000610          0 0 0          0 0 0  5  1  4        5  0  5      764426807260783049    33.0   33.0
 11   74.153040 1.222E-30 1.003E-02.06020.333 5122.34750.580.006640          0 0 1          0 0 1  9  5  4        8  6  3      534223837294713152    19.0   17.0
 11   74.204449 3.309E-29 5.959E-04.08990.391 3976.30810.720.004320          0 2 0          1 0 0  5  5  0        5  0  5      534233837294713152    33.0   33.0
 11   74.303885 4.954E-23 7.990E-02.09490.439 1739.48370.730.003610          0 1 0          0 1 0  3  2  2        3  1  3      564223837294783152     7.0    7.0
 11   74.354235 5.995E-29 1.229E-01.09950.434 4856.91730.750.003260          0 3 0          0 3 0  3  2  1        3  1  2      434243837294713152    21.0   21.0
 11   74.519127 1.166E-22 1.314E-01.10060.459 1664.96460.750.005190          0 1 0          0 1 0  3  1  3        2  0  2      564223807294783152     7.0    5.0
 11   74.544620 1.294E-30 9.920E-02.09240.412 5653.02610.730.000810          0 1 1          0 1 1  4  3  1        4  2  2      534243837294713152    27.0   27.0
 11   74.878835 3.363E-21 1.478E-02.07560.389  931.23710.67-.006660          0 0 0          0 0 0  8  3  6        7  4  3      764426807260783049    51.0   45.0
 11   74.976749 3.868E-24 1.667E-01.08750.429 2595.81280.720.003930          0 1 0          0 1 0  8  3  5        8  2  6      564223807294783152    17.0   17.0
 11   75.096420 7.434E-28 7.124E-02.08580.412 4050.05230.690.003010          0 0 1          0 0 1  4  3  2        4  2  3      534223837294713152     9.0    9.0
 11   75.306900 4.974E-26 1.248E-01.09340.454 3299.99110.720.000360          0 2 0          0 2 0  4  0  4        3  1  3      564223837294783152     9.0    7.0
 11   75.367092 7.387E-30 6.131E-04.09120.371 4350.69930.73-.010170          1 0 0          0 0 1  7  2  5        6  2  4      534233837294713152    45.0   39.0
 11   75.515799 1.845E-30 2.910E-02.08430.371 5429.69440.69-.003610          0 3 0          0 3 0  7  2  5        6  3  4      434223837294713152    45.0   39.0
 11   75.523899 2.967E-19 8.026E-02.09060.466  224.83840.710.003420          0 0 0          0 0 0  4  2  3        4  1  4      764426807260783049    27.0   27.0
 11   75.729977 1.233E-28 5.504E-03.09980.434 3890.82930.750.005390          1 0 0          0 0 1  4  2  2        3  0  3      534233837294713152     9.0    7.0
 11   75.919221 4.366E-30 1.941E-02.06380.298 5029.81050.59-.012240          0 2 0          0 2 0 11  4  8       10  5  5      534233837294713152    23.0   21.0
 11   76.335674 1.443E-27 7.156E-02.08860.434 3858.87550.700.002000          1 0 0          1 0 0  3  3  1        3  2  2      534223837294713152     7.0    7.0
 11   76.467483 1.365E-28 1.089E-01.08500.352 4586.68320.72-.000610          0 0 1          0 0 1  7  4  3        7  3  4      534253837294713152    15.0   15.0
 11   76.525599 8.362E-23 1.366E-01.09210.447 2053.96870.740.001070          0 1 0          0 1 0  5  3  2        5  2  3      564223837294783152    33.0   33.0
 11   76.617522 6.135E-26 1.416E-03.06900.315 2688.07990.630.009720          0 1 0          0 1 0  8  4  5        9  1  8      664223837294713152    51.0   57.0
 11   76.734939 2.015E-23 3.982E-04.07920.390  982.91170.690.006660          0 0 0          0 0 0  7  5  3        8  2  6      764426807260783049    15.0   17.0
 11   76.785468 2.340E-30 1.455E-01.09340.434 5376.78470.720.000360          1 1 0          1 1 0  4  0  4        3  1  3      434243837294713152     9.0    7.0
 11   76.927272 1.360E-30 4.458E-05.09150.391 4049.53610.720.002370          0 0 1          1 0 0  4  3  1        5  1  4      534233837294713152    27.0   33.0
 11   76.963362 6.487E-29 7.291E-03.09090.371 4408.02880.74-.008280          1 0 0          0 0 1  7  3  4        6  3  3      534233837294713152    45.0   39.0
 11   77.042231 6.625E-28 2.033E-02.09100.391 4076.89590.720.000940          1 0 0          0 0 1  5  3  2        5  1  5      534223837294713152    33.0   33.0
 11   77.254726 4.273E-30 9.857E-13.09940.456  134.90160.740.000000          0 0 0          0 0 0  3  2  1        2  2  1     q7422308079917122 0    21.0   15.0
 11   77.316226 8.036E-21 1.813E-01.08530.430 1282.91910.720.003820          0 0 0          0 0 0  9  4  5        9  3  6      764426837260783049    57.0   57.0
 11   77.321107 2.621E-28 1.309E-03.03010.183 3940.58730.32-.003900          0 0 0          0 0 0 17  4 13       18  3 16      434433837260713049   105.0  111.0
 11   77.526803 4.596E-30 1.539E-01.09340.434 5473.14440.720.000360          0 1 1          0 1 1  4  0  4        3  1  3      534243837294713152    27.0   21.0
 11   77.651681 1.534E-27 1.304E-01.08300.352 4348.41470.680.000880          1 0 0          1 0 0  7  2  5        7  1  6      534223837294713152    45.0   45.0
 11   77.760887 1.754E-29 1.728E-01.08550.298 5169.03920.730.005120          1 0 0          1 0 0 10  4  6       10  3  7      434223837294713152    21.0   21.0
 11   77.916346 1.435E-29 1.497E-02.07560.352 4663.15070.67-.006660          0 0 1          0 0 1  8  3  6        7  4  3      534243837294713152    17.0   15.0
 11   77.945862 3.802E-30 4.317E-04.08440.371 4407.04630.74-.001870          1 0 0          0 2 0  7  3  4        6  6  1      534233837294713152    45.0   39.0
 11   77.967483 1.132E-22 1.503E-01.09340.459 1739.48370.720.000360          0 1 0          0 1 0  4  0  4        3  1  3      564223837294783152     9.0    7.0
 11   78.029903 6.239E-26 1.436E-01.10060.459 3221.96120.750.005190          0 2 0          0 2 0  3  1  3        2  0  2      564223837294783152     7.0    5.0
 11   78.096848 7.342E-29 7.915E-02.07760.315 4918.23470.68-.004840          0 2 0          1 0 0  9  6  3        9  3  6      434233837294713152    57.0   57.0
 11   78.195778 7.787E-20 1.353E-01.08300.414  704.21410.680.000880          0 0 0          0 0 0  7  2  5        7  1  6      764426807260783049    45.0   45.0
 11   78.227958 6.859E-26 7.986E-02.09890.426 3237.91730.740.004230          0 2 0          0 2 0  2  2  1        2  1  2      564223837294783152    15.0   15.0
 11   78.303577 9.094E-22 1.954E-01.08550.443 1538.14950.730.005120          0 0 0          0 0 0 10  4  6       10  3  7      664426837260783049    21.0   21.0
 11   78.380205 6.853E-30 6.861E-03.05690.221 5015.70410.55-.005280          0 1 0          0 1 0 16  4 13       15  5 10      434233837294713152    99.0   93.0
 11   78.477423 5.627E-27 1.656E-01.09340.434 3796.53970.720.000360          1 0 0          1 0 0  4  0  4        3  1  3      534223837294713152     9.0    7.0
 11   78.615235 2.180E-29 2.100E-03.03660.221 4506.73380.370.009960          0 1 0          0 1 0 14  5 10       15  2 13      434233837294713152    87.0   93.0
 11   78.615576 2.717E-23 7.836E-03.07740.376 1616.45310.71-.006130          0 0 0          0 0 0 11  3  9       10  4  6      664426837260783049    23.0   21.0
 11   78.706581 1.465E-26 4.726E-03.05690.316 3360.60020.55-.005280          0 0 0          0 0 0 16  4 13       15  5 10      564426837260783049    99.0   93.0
 11   78.830894 1.103E-27 5.349E-02.08270.391 4165.47380.670.004280          0 0 1          0 0 1  5  3  3        5  2  4      534223837294713152    33.0   33.0
 11   78.917917 7.836E-20 7.867E-02.08860.400  206.30140.700.002000          0 0 0          0 0 0  3  3  1        3  2  2      764426807260783049     7.0    7.0
 11   78.978698 3.174E-28 1.346E-01.08300.352 4448.97070.680.000880          0 0 1          0 0 1  7  2  5        7  1  6      534223837294713152    15.0   15.0
 11   79.006630 6.860E-26 5.273E-04.06330.339 2533.79320.590.010560          0 0 0          0 0 0 12  7  6       13  4  9      564426837260783049    75.0   81.0
 11   79.015214 1.648E-29 1.035E-01.10120.456 4777.19990.750.002460          0 3 0          0 3 0  2  2  0        2  1  1      434243837294713152     5.0    5.0
 11   79.023448 1.493E-30 3.689E-04.08690.371 4308.21130.72-.013240          0 0 1          1 0 0  6  3  4        6  3  3      534233837294713152    13.0   13.0
 11   79.042866 1.086E-26 1.739E-01.09340.453 3895.58810.720.000360          0 0 1          0 0 1  4  0  4        3  1  3      564223837294783152    27.0   21.0
 11   79.133371 2.909E-25 1.923E-02.07800.397 2919.63300.700.004520          0 1 0          0 1 0  9  4  5        8  5  4      664223837294783152    57.0   51.0
 11   79.141122 2.168E-29 1.373E-02.07630.352 4782.66210.690.004960          0 0 1          0 0 1  8  4  4        7  5  3      534243837294713152    51.0   45.0
 11   79.153889 4.157E-26 1.296E-03.07470.333 2490.35410.660.008440          0 1 0          0 1 0  7  4  4        8  1  7      664223837294713152    15.0   17.0
 11   79.251772 4.206E-31 5.248E-04.06710.349 4695.83640.640.000000          0 2 0          1 0 0  8  6  2        7  5  3      5333308387659336 0    17.0   15.0
 11   79.523890 5.282E-27 1.117E-01.08580.412 3951.31500.690.003010          1 0 0          1 0 0  4  3  2        4  2  3      534223837294713152    27.0   27.0
 11   79.640565 4.447E-31 4.721E-04.05910.302 4661.42650.560.000000          0 0 1          0 0 1  8  3  6        9  0  9      5333308387659336 0    17.0   19.0
 11   79.709816 1.308E-28 1.592E-01.08530.333 4689.32860.720.001250          1 0 0          1 0 0  8  4  4        8  3  5      534243837294713152    17.0   17.0
 11   79.774275 2.967E-19 1.719E-01.09340.456  142.27850.720.000360          0 0 0          0 0 0  4  0  4        3  1  3      764426807260783049     9.0    7.0
 11   79.775945 4.719E-31 9.576E-02.08610.425 5652.13980.670.000000          0 1 1          0 1 1  5  1  4        5  0  5      4333308387659336 0    11.0   11.0
 11   79.901464 1.209E-30 1.416E-01.07840.265 5933.54640.690.009090          0 0 1          0 0 1 12  5  7       12  4  8      434233837294713152    75.0   75.0
 11   79.934422 3.772E-30 5.527E-03.06340.315 4996.33160.61-.022950          1 0 0          0 2 0 10  3  8        9  6  3      434233837294713152    63.0   57.0
 11   80.096485 1.103E-22 9.949E-02.08990.474 1920.76650.70-.000610          0 1 0          0 1 0  5  1  4        5  0  5      764223837294783152    33.0   33.0
 11   80.177030 9.035E-27 1.680E-03.06250.298 2903.14600.580.010420          0 1 0          0 1 0  9  4  6       10  1  9      534223837294713152    19.0   21.0
 11   80.441086 4.342E-31 8.498E-02.08770.444 5549.70140.710.000000          0 1 1          0 1 1  3  3  0        3  2  1      4333308387659336 0     7.0    7.0
 11   80.535173 2.380E-28 1.799E-01.08210.315 4837.69960.700.004850          1 0 0          1 0 0  9  3  6        9  2  7      434253837294713152    57.0   57.0
 11   80.732602 1.516E-29 2.398E-02.07730.315 4783.64070.690.004270          0 2 0          0 2 0 10  4  6        9  5  5      434233837294713152    21.0   19.0
 11   80.997613 1.157E-20 1.860E-01.08210.409 1201.92150.700.004850          0 0 0          0 0 0  9  3  6        9  2  7      764426807260783049    57.0   57.0
 11   81.016081 1.013E-26 7.857E-03.03080.182 3266.76450.360.004400          0 0 0          0 0 0 13  9  5       12 10  2      564426837260783049    27.0   25.0
 11   81.018941 3.039E-26 7.858E-03.03080.182 3266.76440.360.004410          0 0 0          0 0 0 13  9  4       12 10  3      564426837260783049    81.0   75.0
 11   81.046975 2.916E-29 1.363E-03.02480.250 4350.59110.410.005850          0 0 0          0 0 0 14 12  3       13 13  0      434233837260713049    87.0   81.0
 11   81.046975 9.721E-30 1.363E-03.02480.250 4350.59110.410.005840          0 0 0          0 0 0 14 12  2       13 13  1      434233837260713049    29.0   27.0
 11   81.076533 1.051E-29 1.884E-03.07640.371 4491.36980.66-.006520          1 0 0          0 0 1  7  4  3        6  4  2      534233837294713152    45.0   39.0
 11   81.077388 3.392E-27 1.359E-03.06830.298 3058.39840.640.013140          0 1 0          0 1 0  9  5  5       10  2  8      534223837294713152    19.0   21.0
 11   81.402881 8.278E-30 1.361E-02.07810.333 4769.03850.70-.006910          1 0 0          1 0 0  9  3  7        8  4  4      534233837294713152    19.0   17.0
 11   81.586286 8.337E-30 1.983E-01.08940.371 5240.06960.710.002410          0 3 0          0 3 0  6  2  4        6  1  5      434223837294713152    13.0   13.0
 11   81.617906 7.336E-21 1.908E-01.08010.397 1050.15770.72-.018000          0 0 0          0 0 0  8  4  4        8  3  5      766421837262533020    17.0   17.0
 11   81.630179 2.741E-29 1.585E-01.08550.298 5273.63260.730.005120          0 0 1          0 0 1 10  4  6       10  3  7      434223837294713152    63.0   63.0
 11   81.856595 5.924E-30 1.761E-02.06220.333 4889.40410.56-.001600          1 0 0          1 0 0  9  4  6        8  5  3      434243837294713152    19.0   17.0
 11   82.154603 2.842E-19 1.226E-01.10080.419  300.36230.690.003010          0 0 0          0 0 0  4  3  2        4  2  3      766426837270783049    27.0   27.0
 11   82.310123 1.059E-30 1.050E-03.05700.371 4613.52630.52-.013880          1 0 0          0 0 1  7  5  3        6  5  2      534233837294713152    15.0   13.0
 11   82.487012 4.909E-29 1.881E-01.08210.315 4939.79420.700.004850          0 0 1          0 0 1  9  3  6        9  2  7      534253837294713152    19.0   19.0
 11   82.640818 1.576E-24 1.172E-03.04230.264 2042.31060.420.006820          0 0 0          0 0 0 12  4  9       13  1 12      564426837260783049    75.0   81.0
 11   82.692568 1.572E-30 1.442E-01.07550.281 5631.83930.650.002050          0 0 1          0 0 1 11  5  6       11  4  7      434233837294713152    23.0   23.0
 11   82.862353 3.716E-23 1.695E-01.08300.417 2309.73020.680.000880          0 1 0          0 1 0  7  2  5        7  1  6      764223837294783152    45.0   45.0
 11   83.015914 3.931E-23 1.371E-01.09240.443 1922.90110.730.000810          0 1 0          0 1 0  4  3  1        4  2  2      764223837294783152     9.0    9.0
 11   83.112192 3.744E-30 1.697E-04.10330.456 3750.46450.75-.009610          0 0 1          1 0 0  2  1  2        2  1  1      534233837294713152     5.0    5.0
 11   83.249417 1.549E-30 2.652E-04.08850.371 4249.52440.71-.010280          0 0 1          1 0 0  7  0  7        6  2  4      534233837294713152    15.0   13.0
 11   83.340935 6.251E-28 8.907E-02.08420.371 4408.02880.71-.001440          0 0 1          0 0 1  6  4  2        6  3  3      534223807294713152    39.0   39.0
 11   83.390153 3.800E-26 7.107E-02.09050.450 3482.06450.71-.003120          0 2 0          0 2 0  5  1  4        4  2  3      564223837294783152    33.0   27.0
 11   83.437219 3.044E-26 9.924E-04.07620.315 2512.37570.66-.002590          0 1 0          0 1 0  8  2  6        9  1  9      564223837294713152    17.0   19.0
 11   83.492997 1.710E-30 1.238E-04.09460.412 3966.55930.73-.009620          0 0 1          1 0 0  4  2  3        4  2  2      534233837294713152     9.0    9.0
 11   83.500585 1.297E-25 2.426E-02.06140.315 3141.04600.56-.007260          0 1 0          0 1 0 10  4  7        9  5  4      564223837294713152    63.0   57.0
 11   83.560091 4.219E-29 1.664E-01.10060.456 4737.20250.750.005190          0 3 0          0 3 0  3  1  3        2  0  2      434233837294713152     7.0    5.0
 11   84.049142 6.578E-25 7.678E-04.08950.445 1920.76650.710.004390          0 1 0          0 1 0  4  3  2        5  0  5      564223837294783152    27.0   33.0
 11   84.144404 4.190E-30 6.393E-03.07850.315 4992.12160.71-.006120          1 0 0          1 0 0 10  3  8        9  4  5      434243837294713152    63.0   57.0
 11   84.172434 3.140E-28 4.283E-03.02550.250 4087.98010.340.005170          0 0 0          0 0 0 14 11  4       13 12  1      434423837260713049    87.0   81.0
 11   84.172452 1.047E-28 4.285E-03.02550.250 4087.98010.340.005170          0 0 0          0 0 0 14 11  3       13 12  2      434433837260713049    29.0   27.0
 11   84.268416 1.123E-30 9.673E-04.07190.352 4578.88230.67-.000190          0 0 1          0 2 0  7  4  3        7  6  2      534233837294713152    15.0   15.0
 11   84.293845 3.235E-30 1.108E-01.09060.412 5457.36970.710.003420          1 1 0          1 1 0  4  2  3        4  1  4      434243837294713152    27.0   27.0
 11   84.294548 6.206E-31 6.832E-05.07270.362 4050.50380.640.000000          1 0 0          0 2 0  4  4  0        5  5  1      5333308387659336 0     9.0   11.0
 11   84.323435 6.677E-29 9.602E-03.07200.371 4407.04630.68-.000440          0 0 1          0 2 0  6  4  2        6  6  1      534233837294713152    39.0   39.0
 11   84.328206 3.028E-28 1.749E-03.05410.250 3654.21500.53-.005430          0 1 0          0 1 0 12  3  9       13  2 12      534223837294713152    25.0   27.0
 11   84.455687 5.243E-22 1.889E-02.07810.367 1131.77560.70-.006910          0 0 0          0 0 0  9  3  7        8  4  4      764426837260783049    19.0   17.0
 11   84.505083 1.372E-30 5.050E-05.05440.391 4050.51250.51-.007830          1 0 0          0 2 0  4  4  1        5  5  0      534243837294713152    27.0   33.0
 11   84.627184 1.968E-25 1.024E-03.08520.371 2041.78050.690.004360          0 1 0          0 1 0  5  3  3        6  0  6      764223837294713152    11.0   13.0
 11   84.746082 3.210E-28 3.549E-02.08680.412 4050.05230.70-.002980          1 0 0          0 0 1  4  4  0        4  2  3      534223807294713152     9.0    9.0
 11   84.782915 5.849E-24 3.893E-02.08780.419 2126.40770.71-.001500          0 1 0          0 1 0  6  2  4        5  3  3      764223837294783152    13.0   11.0
 11   84.881926 1.738E-27 2.183E-02.04390.281 4038.40340.430.003400          0 1 0          0 1 0 12  6  7       11  7  4      534223837294713152    75.0   69.0
 11   84.973329 3.413E-22 2.265E-02.06220.342 1255.91160.56-.001600          0 0 0          0 0 0  9  4  6        8  5  3      664426807260783049    19.0   17.0
 11   85.155495 1.535E-27 1.503E-01.08270.391 4065.13180.670.004280          1 0 0          1 0 0  5  3  3        5  2  4      534223837294713152    11.0   11.0
 11   85.348460 1.525E-26 2.276E-01.08970.448 3967.48850.730.003920          0 2 0          0 2 0  7  3  4        7  2  5      564223837294783152    45.0   45.0
 11   85.481486 3.308E-30 1.229E-04.08950.391 4049.53610.720.005040          1 0 0          1 0 0  4  4  1        5  1  4      534233837294713152    27.0   33.0
 11   85.505522 5.960E-27 2.466E-02.05150.298 3565.00350.48-.000120          0 1 0          0 1 0 11  5  7       10  6  4      534223837294713152    23.0   21.0
 11   85.512861 1.870E-29 2.332E-01.08350.281 5439.05630.730.007160          1 0 0          1 0 0 11  4  7       11  3  8      434243837294713152    69.0   69.0
 11   85.631810 1.038E-20 2.593E-02.08410.404  756.72480.710.001660          0 0 0          0 0 0  7  3  4        6  4  3      764426807260783049    45.0   39.0
 11   85.694545 1.230E-30 8.424E-02.08860.434 5544.24850.700.002000          0 1 1          0 1 1  3  3  1        3  2  2      534243837294713152    21.0   21.0
 11   85.759538 1.087E-29 1.443E-02.08200.333 4689.32860.72-.007160          0 2 0          1 0 0  8  6  2        8  3  5      534233837294713152    17.0   17.0
 11   85.784767 8.861E-22 2.459E-01.08350.419 1813.22340.730.007160          0 0 0          0 0 0 11  4  7       11  3  8      664426837260783049    69.0   69.0
 11   85.825464 4.633E-29 2.043E-02.03680.265 4557.55490.370.004190          0 1 0          0 1 0 13  7  7       12  8  4      534233837294713152    27.0   25.0
 11   85.892904 4.467E-22 1.504E-02.07850.376 1360.23530.71-.006120          0 0 0          0 0 0 10  3  8        9  4  5      664426837260783049    63.0   57.0
 11   85.947593 1.458E-22 7.145E-04.06740.339  920.16840.600.005140          0 0 0          0 0 0  8  3  6        9  0  9      664426837260783049    51.0   57.0
 11   85.959296 6.304E-29 1.145E-03.09780.456 3849.38540.740.001580          1 0 0          0 0 1  3  3  0        2  1  1      534233837294713152    21.0   15.0
 11   86.068062 1.572E-29 9.461E-02.07790.315 5022.28130.67-.007030          1 0 0          0 0 1  9  5  5        9  3  6      534233837294713152    19.0   19.0
 11   86.203094 2.170E-26 2.321E-01.09510.507 3791.37210.730.003470          1 0 0          1 0 0  4  1  4        3  0  3      564223837294783152    27.0   21.0
 11   86.272354 5.204E-24 2.331E-01.08210.315 2818.39810.700.004850          0 1 0          0 1 0  9  3  6        9  2  7      664223837294713152    57.0   57.0
 11   86.324467 1.406E-28 2.081E-02.03750.265 4557.54630.370.005120          0 1 0          0 1 0 13  7  6       12  8  5      534233837294713152    81.0   75.0
 11   86.342654 1.638E-30 1.811E-01.09510.434 5466.63410.730.003470          0 1 1          0 1 1  4  1  4        3  0  3      434223837294713152     9.0    7.0
 11   86.419522 1.602E-22 1.194E-01.09060.471 1821.59680.710.003420          0 1 0          0 1 0  4  2  3        4  1  4      764223837294783152    27.0   27.0
 11   86.432242 4.439E-27 2.317E-01.09510.434 3890.82930.730.003470          0 0 1          0 0 1  4  1  4        3  0  3      534223837294713152     9.0    7.0
 11   86.468160 6.880E-26 1.324E-01.08990.471 3478.98650.70-.000610          0 2 0          0 2 0  5  1  4        5  0  5      564223837294783152    33.0   33.0
 11   86.528459 2.526E-29 7.254E-03.07430.352 4572.44630.65-.019420          0 0 1          1 0 0  7  4  4        7  4  3      534233837294713152    45.0   45.0
 11   86.639206 8.108E-31 2.881E-03.05740.315 4889.40410.630.000000          0 0 1          1 0 0  8  5  4        8  5  3      4333308387659336 0    17.0   17.0
 11   86.650783 2.269E-27 2.482E-01.08750.333 4173.22570.720.003930          0 2 0          0 2 0  8  3  5        8  2  6      534223837294713152    17.0   17.0
 11   86.789282 1.774E-29 2.761E-03.05030.391 4381.90400.50-.018590          0 0 1          1 0 0  5  5  1        5  5  0      534233837294713152    33.0   33.0
 11   86.793701 5.972E-30 2.789E-03.05030.391 4381.90400.50-.018380          0 0 1          1 0 0  5  5  0        5  5  1      534233837294713152    11.0   11.0
 11   86.805849 3.674E-30 2.936E-03.05460.371 4526.72040.50-.018530          0 0 1          1 0 0  6  5  2        6  5  1      534233837294713152    13.0   13.0
 11   86.809414 4.231E-25 1.238E-03.04470.263 2327.91400.46-.004940          0 0 0          0 0 0 13  3 10       14  2 13      564426837260783049    81.0   87.0
 11   86.825823 5.910E-30 3.105E-03.05710.352 4695.83620.52-.017820          0 0 1          1 0 0  7  5  3        7  5  2      534233837294713152    45.0   45.0
 11   86.835018 1.056E-29 9.774E-02.07740.298 5355.26280.68-.002770          0 0 1          0 0 1 10  5  5       10  4  6      534233837294713152    63.0   63.0
 11   86.853334 1.196E-29 3.188E-03.05460.371 4526.71980.50-.017840          0 0 1          1 0 0  6  5  1        6  5  2      534233837294713152    39.0   39.0
 11   86.961070 1.052E-28 1.811E-03.02370.183 3940.54490.220.005040          0 0 0          0 0 0 17  5 13       18  2 16      434433837260713049    35.0   37.0
 11   87.083642 2.835E-30 4.484E-03.05710.352 4695.83640.52-.016480          0 0 1          1 0 0  7  5  2        7  5  3      534233837294713152    15.0   15.0
 11   87.199790 1.873E-29 1.749E-02.07810.333 4861.80320.70-.006910          0 0 1          0 0 1  9  3  7        8  4  4      534233837294713152    57.0   51.0
 11   87.247432 6.118E-28 2.382E-02.04760.281 4038.35150.460.007600          0 1 0          0 1 0 12  6  6       11  7  5      534223837294713152    25.0   23.0
 11   87.311844 1.167E-30 6.352E-04.06750.298 4750.38770.61-.003720          1 0 0          1 0 0  9  2  7       10  1 10      534233837294713152    57.0   63.0
 11   87.335794 1.726E-22 2.214E-02.05420.296 1631.38300.520.003050          0 0 0          0 0 0 10  5  6        9  6  3      664426837260783049    63.0   57.0
 11   87.371586 5.793E-23 6.664E-04.06750.336 1114.54990.61-.003720          0 0 0          0 0 0  9  2  7       10  1 10      664426807260783049    57.0   63.0
 11   87.454106 9.660E-28 1.837E-01.08500.352 4484.99220.72-.000610          1 0 0          1 0 0  7  4  3        7  3  4      534223807294713152    45.0   45.0
 11   87.587106 7.594E-30 9.116E-03.05920.333 4889.45710.54-.014240          0 0 1          1 0 0  8  5  3        8  5  4      534233837294713152    51.0   51.0
 11   87.675395 1.688E-27 1.117E-01.08470.391 3977.45640.680.003720          1 0 0          1 0 0  5  2  4        5  1  5      534223837294713152    11.0   11.0
 11   87.677638 9.931E-30 2.327E-01.09510.434 5369.69200.730.003470          1 1 0          1 1 0  4  1  4        3  0  3      434223837294713152    27.0   21.0
 11   87.689612 3.315E-26 1.281E-01.09490.439 3299.99110.730.003610          0 2 0          0 2 0  3  2  2        3  1  3      564223807294783152     7.0    7.0
 11   87.759363 8.147E-20 1.638E-01.08270.421  416.20870.670.004280          0 0 0          0 0 0  5  3  3        5  2  4      764426807260783049    11.0   11.0
 11   87.772387 2.188E-28 5.665E-02.06750.391 4257.78670.58-.012270          0 0 1          1 0 0  5  4  1        5  4  2      534233807294713152    11.0   11.0
 11   88.076726 1.160E-18 2.454E-01.09390.506  136.76170.730.003470          0 0 0          0 0 0  4  1  4        3  0  3      766426807270783049    27.0   21.0
 11   88.122012 4.427E-29 1.964E-02.07040.371 4401.94190.60-.016860          0 0 1          1 0 0  6  4  3        6  4  2      534233837294713152    13.0   13.0
 11   88.151221 3.174E-30 2.987E-02.06020.315 5108.34930.54-.009200          0 0 1          1 0 0  9  5  4        9  5  5      534233837294713152    19.0   19.0
 11   88.152227 2.133E-26 2.156E-01.08300.414 3879.33620.680.000880          0 2 0          0 2 0  7  2  5        7  1  6      564223837294783152    45.0   45.0
 11   88.202644 3.745E-30 2.417E-01.08350.281 5543.63660.730.007160          0 0 1          0 0 1 11  4  7       11  3  8      434243837294713152    23.0   23.0
 11   88.205917 3.031E-30 9.266E-13.09400.434  212.15640.730.000000          0 0 0          0 0 0  4  2  3        3  2  1     q7422308079917122 0    27.0   21.0
 11   88.228993 7.221E-24 2.007E-02.04610.271 2054.36870.460.004720          0 0 0          0 0 0 11  6  6       10  7  3      564426837260783049    23.0   21.0
 11   88.280647 1.125E-22 1.094E-01.09160.417 1819.33510.720.000970          0 1 0          0 1 0  3  3  0        3  2  1      564223837294783152    21.0   21.0
 11   88.577949 2.368E-27 8.576E-02.08470.391 4076.89590.680.003720          0 0 1          0 0 1  5  2  4        5  1  5      534223837294713152    33.0   33.0
 11   88.650186 2.152E-22 1.645E-04.08950.413  399.45750.720.005040          0 0 0          0 0 0  4  4  1        5  1  4      764426807260783049    27.0   33.0
 11   88.651279 2.068E-25 1.180E-03.08020.352 2309.73020.690.006790          0 1 0          0 1 0  6  4  3        7  1  6      664223837294713152    39.0   45.0
 11   88.756077 3.764E-27 2.313E-01.10090.480 3796.98160.750.002640          0 0 1          0 0 1  2  2  1        1  1  0      534223807294713152     5.0    3.0
 11   88.781841 1.105E-26 2.167E-03.05550.281 3135.76480.530.009860          0 1 0          0 1 0 10  4  7       11  1 10      564223837294713152    63.0   69.0
 11   88.880511 5.337E-20 2.114E-01.08500.439  842.35660.72-.000610          0 0 0          0 0 0  7  4  3        7  3  4      764426807260783049    45.0   45.0
 11   88.938006 1.421E-30 1.102E-02.07850.315 5087.01710.71-.006120          0 0 1          0 0 1 10  3  8        9  4  5      434243837294713152    21.0   19.0
 11   89.030677 2.834E-28 2.469E-02.06750.391 4256.24130.58-.015500          0 0 1          1 0 0  5  4  2        5  4  1      534223837294713152    33.0   33.0
 11   89.114578 1.032E-26 2.309E-01.09120.439 3784.67920.730.002910          0 2 0          0 2 0  6  3  3        6  2  4      564223837294783152    13.0   13.0
 11   89.374075 4.627E-30 2.849E-02.06840.281 5300.17820.65-.013830          0 2 0          0 2 0 12  4  9       11  5  6      434233837294713152    75.0   69.0
 11   89.519725 9.598E-30 2.120E-02.03120.250 5119.37560.310.003760          0 1 0          0 1 0 14  8  7       13  9  4      434233837294713152    87.0   81.0
 11   89.583274 8.958E-20 1.195E-01.08470.426  326.62550.680.003720          0 0 0          0 0 0  5  2  4        5  1  5      764426807260783049    11.0   11.0
 11   89.617837 3.206E-30 2.127E-02.03140.250 5119.37420.310.003900          0 1 0          0 1 0 14  8  6       13  9  5      434233837294713152    29.0   27.0
 11   89.700116 4.898E-22 2.468E-01.09510.503 1731.89670.730.003470          0 1 0          0 1 0  4  1  4        3  0  3      764223837294783152    27.0   21.0
 11   89.701050 2.239E-23 2.116E-02.04790.276 2054.34520.480.006450          0 0 0          0 0 0 11  6  5       10  7  4      564426807260783049    69.0   63.0
 11   89.833247 4.012E-28 2.396E-02.06490.412 4135.01760.58-.013640          0 0 1          1 0 0  4  4  0        4  4  1      534223837294713152    27.0   27.0
 11   90.000216 1.397E-25 4.131E-04.09490.412 1817.45120.730.004970          0 1 0          0 1 0  3  3  1        4  0  4      564223837294713152     7.0    9.0
 11   90.018393 1.044E-28 1.873E-02.06500.412 4134.79840.58-.014460          0 0 1          1 0 0  4  4  1        4  4  0      534233807294713152     9.0    9.0
 11   90.032554 1.494E-29 2.539E-02.06220.333 4977.04420.56-.001600          0 0 1          0 0 1  9  4  6        8  5  3      534243837294713152    57.0   51.0
 11   90.203087 1.842E-26 2.384E-01.10090.490 3698.49130.750.002640          1 0 0          1 0 0  2  2  1        1  1  0      564223807294783152    15.0    9.0
 11   90.366612 1.735E-27 9.360E-02.08610.391 4153.93810.71-.011670          0 0 1          1 0 0  5  3  3        5  3  2      534223837294713152    33.0   33.0
 11   90.527853 1.500E-28 1.915E-02.08410.371 4394.46430.710.001660          1 0 0          1 0 0  7  3  4        6  4  3      534253837294713152    45.0   39.0
 11   90.534647 2.250E-24 1.923E-02.03890.259 2522.26520.400.004640          0 0 0          0 0 0 12  7  6       11  8  3      564426837260783049    75.0   69.0
 11   90.671347 6.659E-28 1.832E-01.07810.371 4296.56340.650.005330          0 0 1          0 0 1  6  3  4        6  2  5      534223837294713152    13.0   13.0
 11   90.725601 1.803E-29 4.406E-03.06860.352 4553.27350.58-.019300          1 0 0          0 0 1  8  3  6        7  3  5      534233837294713152    51.0   45.0
 11   90.767447 1.760E-27 1.010E-01.08350.391 4165.47380.69-.001690          1 0 0          0 0 1  5  4  1        5  2  4      534223837294713152    33.0   33.0
 11   90.843246 7.552E-25 1.945E-02.03930.263 2522.26130.410.004940          0 0 0          0 0 0 12  7  5       11  8  4      564426807260783049    25.0   23.0
 11   91.064687 1.800E-30 3.033E-03.03170.208 4847.18900.320.007930          0 1 0          0 1 0 15  5 11       16  2 14      434233837294713152    31.0   33.0
 11   91.069325 4.129E-25 1.299E-03.08030.355 2180.64290.670.004680          0 1 0          0 1 0  6  3  4        7  0  7      764223837294783152    39.0   45.0
 11   91.151441 2.376E-27 1.023E-02.02720.250 3831.17920.320.004340          0 0 0          0 0 0 14 10  5       13 11  2      434426837260713049    87.0   81.0
 11   91.151925 7.919E-28 1.023E-02.02720.250 3831.17920.320.004330          0 0 0          0 0 0 14 10  4       13 11  3      434426837260713049    29.0   27.0
 11   91.217227 4.742E-31 5.601E-02.09630.460 5466.63410.770.000000          1 1 0          0 1 1  4  2  2        3  0  3      4333308387659336 0     9.0    7.0
 11   91.479067 4.241E-25 2.942E-01.08550.453 3162.25890.730.005120          0 1 0          0 1 0 10  4  6       10  3  7      564223837294783152    21.0   21.0
 11   91.902035 2.699E-29 5.726E-04.09530.434 3864.76380.73-.009480          0 0 1          1 0 0  3  2  2        3  2  1      534233837294713152    21.0   21.0
 11   92.038472 1.182E-30 2.916E-01.07840.265 5826.13410.690.009090          1 0 0          1 0 0 12  5  7       12  4  8      434233837294713152    25.0   25.0
 11   92.459336 4.100E-29 9.604E-04.09570.434 3935.34470.74-.016330          0 0 1          1 0 0  4  1  3        3  3  0      534233837294713152    27.0   21.0
 11   92.461719 2.518E-25 2.552E-01.09510.482 3289.24250.730.003470          0 2 0          0 2 0  4  1  4        3  0  3      564223837294783152    27.0   21.0
 11   92.529898 1.002E-18 2.559E-01.11050.805   42.37170.750.002640          0 0 0          0 0 0  2  2  1        1  1  0      765326807270313049    15.0    9.0
 11   92.846692 1.122E-22 1.135E-01.09050.450 1908.01630.71-.003120          0 1 0          0 1 0  5  1  4        4  2  3      764223837294783152    33.0   27.0
 11   92.863165 3.662E-31 9.941E-02.09090.443 5633.39170.720.000000          0 1 1          0 1 1  4  3  2        4  2  3      4333308387659336 0     9.0    9.0
 11   93.096008 1.884E-24 5.501E-04.07320.381 1538.14950.660.006420          0 0 0          0 0 0  9  6  4       10  3  7      664426837260783049    19.0   21.0
 11   93.209586 4.288E-30 9.623E-05.10600.480 3698.49130.76-.009440          0 0 1          1 0 0  1  1  1        1  1  0      534233837294713152     9.0    9.0
 11   93.295140 3.080E-28 3.498E-02.08480.412 4031.85360.69-.011410          0 0 1          1 0 0  4  3  2        4  3  1      534223837294713152     9.0    9.0
 11   93.459921 6.618E-23 2.762E-02.06190.328 1631.24550.590.008850          0 0 0          0 0 0 10  5  5        9  6  4      664426837260783049    21.0   19.0
 11   93.518958 3.353E-27 1.990E-01.07810.371 4199.39090.650.005330          1 0 0          1 0 0  6  3  4        6  2  5      534223837294713152    39.0   39.0
 11   93.663814 4.108E-23 1.252E-01.08860.411 1813.78760.700.002000          0 1 0          0 1 0  3  3  1        3  2  2      564223837294783152     7.0    7.0
 11   93.708520 1.479E-28 1.588E-03.06420.265 3738.54320.620.016220          0 1 0          0 1 0 11  6  6       12  3  9      534233837294713152    23.0   25.0
 11   93.730587 6.889E-28 2.087E-01.08420.371 4308.21130.71-.001440          1 0 0          1 0 0  6  4  2        6  3  3      534223807294713152    13.0   13.0
 11   93.754549 5.356E-29 1.813E-01.08990.391 4996.28420.70-.000610          0 3 0          0 3 0  5  1  4        5  0  5      434243837294713152    33.0   33.0
 11   93.869425 1.010E-29 2.245E-12.09940.456   79.49640.740.000000          0 0 0          0 0 0  3  1  2        2  1  2     q7422308079917122 0    21.0   15.0
 11   93.985648 2.607E-29 5.406E-03.08300.352 4484.99220.73-.007560          0 2 0          1 0 0  7  6  1        7  3  4      534233837294713152    45.0   45.0
 11   94.095909 3.938E-24 2.978E-01.08530.462 2904.67040.720.003820          0 1 0          0 1 0  9  4  5        9  3  6      664223837294783152    57.0   57.0
 11   94.153788 1.194E-28 2.570E-01.08600.412 4902.13040.680.000880          0 3 0          0 3 0  5  0  5        4  1  4      434233837294713152    33.0   27.0
 11   94.262241 2.842E-27 3.082E-01.08210.315 4399.54210.700.004850          0 2 0          0 2 0  9  3  6        9  2  7      534223837294713152    57.0   57.0
 11   94.440590 3.366E-30 8.284E-03.04480.172 5199.59660.460.001220          0 0 0          0 0 0 20  5 16       19  6 13      434233837260713049   123.0  117.0
 11   94.458068 2.079E-28 1.646E-02.08800.391 4256.24130.72-.012900          0 0 1          1 0 0  6  2  4        5  4  1      534233837294713152    39.0   33.0
 11   94.640631 9.663E-31 2.761E-02.04840.303 5339.84330.600.000000          0 0 1          0 0 1 10  5  6        9  6  3      4333308387659336 0    21.0   19.0
 11   94.725146 1.765E-29 5.474E-04.08160.434 3935.34470.67-.010580          0 0 1          1 0 0  3  3  1        3  3  0      534223837294713152    21.0   21.0
 11   94.830920 3.852E-25 3.294E-01.08350.442 3441.03950.730.007160          0 1 0          0 1 0 11  4  7       11  3  8      564223807294783152    69.0   69.0
 11   94.946930 1.180E-27 1.290E-01.08200.371 4095.31520.66-.002040          1 0 0          1 0 0  6  1  5        6  0  6      534223837294713152    13.0   13.0
 11   94.956730 1.505E-30 1.031E-03.08610.352 4527.94940.70-.010970          1 0 0          0 0 1  8  2  6        7  2  5      534233837294713152    17.0   15.0
 11   95.027151 1.599E-30 3.061E-02.06190.315 5256.38140.590.008850          1 0 0          1 0 0 10  5  5        9  6  4      434233837294713152    21.0   19.0
 11   95.032286 5.666E-23 3.307E-01.07840.468 2205.65270.690.009090          0 0 0          0 0 0 12  5  7       12  4  8      564426837260783049    25.0   25.0
 11   95.094880 1.998E-30 1.867E-04.08160.434 3935.21120.67-.009150          0 0 1          1 0 0  3  3  0        3  3  1      534233837294713152     7.0    7.0
 11   95.112410 6.658E-26 2.006E-02.03340.233 3032.69040.350.004110          0 0 0          0 0 0 13  8  6       12  9  3      564426837260783049    27.0   25.0
 11   95.172131 2.000E-25 2.010E-02.03350.233 3032.68980.360.004150          0 0 0          0 0 0 13  8  5       12  9  4      564426837260783049    81.0   75.0
 11   95.198969 2.230E-26 3.495E-02.06490.298 3564.70500.610.009940          0 1 0          0 1 0 11  5  6       10  6  5      564223837294713152    69.0   63.0
 11   95.279779 2.175E-27 1.295E-01.08200.371 4195.47730.66-.002040          0 0 1          0 0 1  6  1  5        6  0  6      534223837294713152    39.0   39.0
 11   95.413349 1.075E-26 2.342E-01.10080.508 3791.70090.750.005510          0 0 1          0 0 1  2  2  0        1  1  1      564223807294783152    15.0    9.0
 11   95.512236 1.515E-29 2.869E-01.08300.352 5409.69800.680.000880          0 3 0          0 3 0  7  2  5        7  1  6      434223837294713152    45.0   45.0
 11   95.541313 3.867E-23 3.455E-01.08150.440 2533.79320.730.010840          0 0 0          0 0 0 13  5  8       13  4  9      564426837260783049    81.0   81.0
 11   95.624512 8.086E-28 3.138E-02.08460.412 4030.83890.68-.007370          0 0 1          1 0 0  4  3  1        4  3  2      534223837294713152    27.0   27.0
 11   95.808835 5.419E-26 2.421E-01.09210.434 3626.92220.740.001070          0 2 0          0 2 0  5  3  2        5  2  3      564223837294783152    33.0   33.0
 11   96.067307 1.751E-19 2.153E-01.07810.434  552.91140.650.005330          0 0 0          0 0 0  6  3  4        6  2  5      764426837260783049    39.0   39.0
 11   96.075873 1.862E-29 2.283E-03.02440.172 4331.08920.25-.001890          0 0 0          0 0 0 18  4 14       19  3 17      434233837260713049    37.0   39.0
 11   96.209190 6.145E-20 1.355E-01.08200.440  446.69660.66-.002040          0 0 0          0 0 0  6  1  5        6  0  6      764426807260783049    13.0   13.0
 11   96.231275 3.608E-20 2.261E-01.08420.443  661.54890.71-.001440          0 0 0          0 0 0  6  4  2        6  3  3      764426807260783049    13.0   13.0
 11   96.275835 5.858E-29 1.422E-01.09890.456 4759.02360.740.004230          0 3 0          0 3 0  2  2  1        2  1  2      434243837294713152    15.0   15.0
 11   96.504048 1.268E-29 6.676E-03.08320.352 4695.83620.71-.008810          0 0 1          1 0 0  8  3  5        7  5  2      534233837294713152    51.0   45.0
 11   96.619300 5.240E-29 3.455E-02.08410.371 4490.06390.710.001660          0 0 1          0 0 1  7  3  4        6  4  3      534253837294713152    15.0   13.0
 11   96.675803 5.883E-27 2.422E-01.10080.480 3693.29360.750.005510          1 0 0          1 0 0  2  2  0        1  1  1      534223837294713152     5.0    3.0
 11   96.765218 1.403E-29 3.077E-01.07550.281 5524.56920.650.002050          1 0 0          1 0 0 11  5  6       11  4  7      434233837294713152    69.0   69.0
 11   96.799349 1.475E-22 1.918E-01.08580.424 1908.01630.690.003010          0 1 0          0 1 0  4  3  2        4  2  3      564223837294783152    27.0   27.0
 11   96.849005 1.477E-30 2.025E-01.08270.391 5749.66260.670.004280          0 1 1          0 1 1  5  3  3        5  2  4      434223837294713152    33.0   33.0
 11   96.905426 5.319E-28 8.506E-02.07120.371 4394.46430.61-.007610          0 0 1          1 0 0  6  4  2        6  4  3      534223837294713152    39.0   39.0
 11   96.987496 1.991E-30 2.926E-01.10090.480 5375.36340.750.002640          0 1 1          0 1 1  2  2  1        1  1  0      534253837294713152     5.0    3.0
 11   97.098311 5.457E-30 2.675E-12.09400.434  285.41860.730.000000          0 0 0          0 0 0  4  3  2        3  3  0     q7422308079917122 0    27.0   21.0
 11   97.116797 9.000E-29 7.634E-02.08290.333 4792.34030.72-.011140          1 0 0          0 0 1  8  5  4        8  3  5      534233837294713152    51.0   51.0
 11   97.217445 1.623E-28 2.768E-01.09510.434 4804.91290.730.003470          0 3 0          0 3 0  4  1  4        3  0  3      434223837294713152    27.0   21.0
 11   97.282250 2.247E-25 3.106E-01.08600.491 3381.70420.680.000880          0 2 0          0 2 0  5  0  5        4  1  4      564223837294783152    33.0   27.0
 11   97.406607 4.174E-28 1.170E-01.08210.391 4248.15250.70-.000920          0 0 1          0 0 1  5  4  1        5  3  2      534223807294713152    11.0   11.0
 11   97.419269 9.349E-30 4.163E-03.06680.352 4658.97470.58-.013940          1 0 0          0 0 1  8  4  5        7  4  4      534233837294713152    51.0   45.0
 11   97.464572 1.015E-29 3.387E-01.08600.412 5457.36970.680.000880          1 1 0          1 1 0  5  0  5        4  1  4      434233837294713152    33.0   27.0
 11   97.865221 5.898E-28 1.033E-01.08630.391 4150.28730.71-.006450          0 0 1          1 0 0  5  3  2        5  3  3      534223837294713152    11.0   11.0
 11   97.891078 2.758E-29 1.838E-02.06470.235 4638.35060.63-.011020          0 1 0          0 1 0 15  4 12       14  5  9      434233837294713152    31.0   29.0
 11   98.221130 6.938E-27 1.546E-01.09050.412 3951.31500.71-.003120          1 0 0          1 0 0  5  1  4        4  2  3      534223837294713152    33.0   27.0
 11   98.312747 1.698E-25 1.732E-03.03650.252 2327.88380.370.005350          0 0 0          0 0 0 13  4 10       14  1 13      564426837260783049    27.0   29.0
 11   98.387461 1.562E-27 9.990E-02.08070.412 4126.46340.69-.000840          0 0 1          0 0 1  4  4  0        4  3  1      534223837294713152    27.0   27.0
 11   98.623171 1.990E-30 2.980E-12.09400.434  285.21930.730.000000          0 0 0          0 0 0  4  3  1        3  3  1     q7422308079917122 0     9.0    7.0
 11   98.732872 2.372E-26 3.718E-01.08600.490 3877.57520.680.000880          1 0 0          1 0 0  5  0  5        4  1  4      564223837294783152    33.0   27.0
 11   98.805391 2.327E-20 7.001E-02.08780.453  503.96810.71-.001500          0 0 0          0 0 0  6  2  4        5  3  3      764426807260783049    13.0   11.0
 11   98.814131 3.015E-30 2.018E-02.07740.315 5256.44870.69-.003550          0 0 1          1 0 0 10  4  6        9  6  3      434233837294713152    63.0   57.0
 11   98.881706 4.816E-27 3.683E-01.08600.412 3977.26160.680.000880          0 0 1          0 0 1  5  0  5        4  1  4      534223837294713152    11.0    9.0
 11   98.946283 6.765E-30 2.189E-03.08360.371 4308.21130.74-.007830          0 2 0          1 0 0  6  6  0        6  3  3      534233837294713152    13.0   13.0
 11   99.026795 3.207E-19 2.601E-01.10080.498   37.13710.750.005510          0 0 0          0 0 0  2  2  0        1  1  1      764426807260783049     5.0    3.0
 11   99.073434 9.681E-30 3.057E-01.10090.480 5279.67090.750.002640          1 1 0          1 1 0  2  2  1        1  1  0      434253807294713152    15.0    9.0
 11   99.095233 3.539E-19 1.565E-01.09050.443  300.36230.71-.003120          0 0 0          0 0 0  5  1  4        4  2  3      764426807260783049    33.0   27.0
 11   99.112500 9.818E-31 1.626E-01.08610.425 5556.68450.670.000000          1 1 0          1 1 0  5  2  4        5  1  5      4333308387659336 0    11.0   11.0
 11   99.161082 6.952E-29 6.777E-02.07510.352 4563.98960.65-.004490          0 0 1          1 0 0  7  4  3        7  4  4      534233837294713152    15.0   15.0
 11   99.162993 1.819E-30 2.960E-01.08600.412 5552.97680.680.000880          0 1 1          0 1 1  5  0  5        4  1  4      434233837294713152    11.0    9.0
 11   99.169729 4.901E-22 3.528E-01.08600.490 1821.59680.680.000880          0 1 0          0 1 0  5  0  5        4  1  4      764223837294783152    33.0   27.0
 11   99.197533 5.266E-29 1.188E-03.08520.412 3951.31500.710.000130          0 2 0          1 0 0  5  5  0        4  2  3      534233837294713152    33.0   27.0
 11   99.237140 4.753E-28 7.164E-02.08780.391 4150.28730.71-.001500          1 0 0          1 0 0  6  2  4        5  3  3      534223807294713152    13.0   11.0
 11   99.309401 7.228E-30 6.542E-03.02280.235 4697.66110.310.005150          0 0 0          0 0 0 15 12  4       14 13  1      434233837260713049    31.0   29.0
 11   99.309402 2.168E-29 6.540E-03.02280.235 4697.66110.310.005150          0 0 0          0 0 0 15 12  3       14 13  2      434233837260713049    93.0   87.0
 11   99.317151 3.225E-28 2.284E-01.07450.333 4523.58900.63-.002580          1 0 0          1 0 0  8  2  6        8  1  7      434223837294713152    17.0   17.0
 11   99.458285 5.021E-31 4.126E-02.05260.274 5596.42470.560.000000          0 2 0          0 2 0 13  4 10       12  5  7      4333308387659336 0    27.0   25.0
 11   99.557229 1.126E-28 4.360E-03.09280.391 4095.92000.73-.012030          0 0 1          1 0 0  6  0  6        5  2  3      534233837294713152    39.0   33.0
 11   99.668055 5.690E-28 1.102E-01.07840.412 4125.14870.67-.001190          0 0 1          0 0 1  4  4  1        4  3  2      534223837294713152     9.0    9.0
 11   99.784839 9.142E-23 3.486E-01.07320.420 2105.86790.650.009540          0 0 0          0 0 0 12  4  8       12  3  9      564426837260783049    25.0   25.0
 11   99.846935 1.528E-27 1.685E-01.09050.412 4050.05230.71-.003120          0 0 1          0 0 1  5  1  4        4  2  3      534223837294713152    11.0    9.0
 11   99.950998 3.585E-29 2.936E-01.07110.298 5069.08830.610.002030          1 0 0          1 0 0 10  3  7       10  2  8      434243837294713152    21.0   21.0
 11   99.987143 6.990E-22 3.542E-01.07550.461 1899.00820.650.002050          0 0 0          0 0 0 11  5  6       11  4  7      664426837260783049    69.0   69.0
 11   99.998580 2.048E-26 4.318E-02.06380.298 3387.40070.59-.012240          0 1 0          0 1 0 11  4  8       10  5  5      564223837294713152    23.0   21.0
